--
-- PostgreSQL database dump
--

-- Dumped from database version 16.6 (Ubuntu 16.6-0ubuntu0.24.04.1)
-- Dumped by pg_dump version 16.6 (Ubuntu 16.6-0ubuntu0.24.04.1)

SET statement_timeout = 0;
SET lock_timeout = 0;
SET idle_in_transaction_session_timeout = 0;
SET client_encoding = 'UTF8';
SET standard_conforming_strings = on;
SELECT pg_catalog.set_config('search_path', '', false);
SET check_function_bodies = false;
SET xmloption = content;
SET client_min_messages = warning;
SET row_security = off;

SET default_tablespace = '';

SET default_table_access_method = heap;

--
-- Name: auth_group; Type: TABLE; Schema: public; Owner: postgres
--

CREATE TABLE public.auth_group (
    id integer NOT NULL,
    name character varying(150) NOT NULL
);


ALTER TABLE public.auth_group OWNER TO postgres;

--
-- Name: auth_group_id_seq; Type: SEQUENCE; Schema: public; Owner: postgres
--

ALTER TABLE public.auth_group ALTER COLUMN id ADD GENERATED BY DEFAULT AS IDENTITY (
    SEQUENCE NAME public.auth_group_id_seq
    START WITH 1
    INCREMENT BY 1
    NO MINVALUE
    NO MAXVALUE
    CACHE 1
);


--
-- Name: auth_group_permissions; Type: TABLE; Schema: public; Owner: postgres
--

CREATE TABLE public.auth_group_permissions (
    id bigint NOT NULL,
    group_id integer NOT NULL,
    permission_id integer NOT NULL
);


ALTER TABLE public.auth_group_permissions OWNER TO postgres;

--
-- Name: auth_group_permissions_id_seq; Type: SEQUENCE; Schema: public; Owner: postgres
--

ALTER TABLE public.auth_group_permissions ALTER COLUMN id ADD GENERATED BY DEFAULT AS IDENTITY (
    SEQUENCE NAME public.auth_group_permissions_id_seq
    START WITH 1
    INCREMENT BY 1
    NO MINVALUE
    NO MAXVALUE
    CACHE 1
);


--
-- Name: auth_permission; Type: TABLE; Schema: public; Owner: postgres
--

CREATE TABLE public.auth_permission (
    id integer NOT NULL,
    name character varying(255) NOT NULL,
    content_type_id integer NOT NULL,
    codename character varying(100) NOT NULL
);


ALTER TABLE public.auth_permission OWNER TO postgres;

--
-- Name: auth_permission_id_seq; Type: SEQUENCE; Schema: public; Owner: postgres
--

ALTER TABLE public.auth_permission ALTER COLUMN id ADD GENERATED BY DEFAULT AS IDENTITY (
    SEQUENCE NAME public.auth_permission_id_seq
    START WITH 1
    INCREMENT BY 1
    NO MINVALUE
    NO MAXVALUE
    CACHE 1
);


--
-- Name: chatGPT_app_chatgpt; Type: TABLE; Schema: public; Owner: postgres
--

CREATE TABLE public."chatGPT_app_chatgpt" (
    id bigint NOT NULL,
    title character varying(255) NOT NULL,
    text text NOT NULL,
    created_at timestamp with time zone NOT NULL,
    instruction_file character varying(100),
    user_id bigint NOT NULL,
    name character varying(255) NOT NULL
);


ALTER TABLE public."chatGPT_app_chatgpt" OWNER TO postgres;

--
-- Name: chatGPT_app_chatgpt_id_seq; Type: SEQUENCE; Schema: public; Owner: postgres
--

ALTER TABLE public."chatGPT_app_chatgpt" ALTER COLUMN id ADD GENERATED BY DEFAULT AS IDENTITY (
    SEQUENCE NAME public."chatGPT_app_chatgpt_id_seq"
    START WITH 1
    INCREMENT BY 1
    NO MINVALUE
    NO MAXVALUE
    CACHE 1
);


--
-- Name: chat_app_chat; Type: TABLE; Schema: public; Owner: postgres
--

CREATE TABLE public.chat_app_chat (
    id bigint NOT NULL,
    name character varying(255) NOT NULL,
    created_at timestamp with time zone NOT NULL,
    updated_at timestamp with time zone NOT NULL,
    integration_id uuid,
    manager_id bigint,
    user_id bigint
);


ALTER TABLE public.chat_app_chat OWNER TO postgres;

--
-- Name: chat_app_chat_id_seq; Type: SEQUENCE; Schema: public; Owner: postgres
--

ALTER TABLE public.chat_app_chat ALTER COLUMN id ADD GENERATED BY DEFAULT AS IDENTITY (
    SEQUENCE NAME public.chat_app_chat_id_seq
    START WITH 1
    INCREMENT BY 1
    NO MINVALUE
    NO MAXVALUE
    CACHE 1
);


--
-- Name: chat_app_message; Type: TABLE; Schema: public; Owner: postgres
--

CREATE TABLE public.chat_app_message (
    id bigint NOT NULL,
    nickname character varying(255) NOT NULL,
    sender_type character varying(255) NOT NULL,
    messages text NOT NULL,
    created_at timestamp with time zone NOT NULL,
    is_read boolean NOT NULL,
    chat_id bigint
);


ALTER TABLE public.chat_app_message OWNER TO postgres;

--
-- Name: chat_app_message_id_seq; Type: SEQUENCE; Schema: public; Owner: postgres
--

ALTER TABLE public.chat_app_message ALTER COLUMN id ADD GENERATED BY DEFAULT AS IDENTITY (
    SEQUENCE NAME public.chat_app_message_id_seq
    START WITH 1
    INCREMENT BY 1
    NO MINVALUE
    NO MAXVALUE
    CACHE 1
);


--
-- Name: django_admin_log; Type: TABLE; Schema: public; Owner: postgres
--

CREATE TABLE public.django_admin_log (
    id integer NOT NULL,
    action_time timestamp with time zone NOT NULL,
    object_id text,
    object_repr character varying(200) NOT NULL,
    action_flag smallint NOT NULL,
    change_message text NOT NULL,
    content_type_id integer,
    user_id bigint NOT NULL,
    CONSTRAINT django_admin_log_action_flag_check CHECK ((action_flag >= 0))
);


ALTER TABLE public.django_admin_log OWNER TO postgres;

--
-- Name: django_admin_log_id_seq; Type: SEQUENCE; Schema: public; Owner: postgres
--

ALTER TABLE public.django_admin_log ALTER COLUMN id ADD GENERATED BY DEFAULT AS IDENTITY (
    SEQUENCE NAME public.django_admin_log_id_seq
    START WITH 1
    INCREMENT BY 1
    NO MINVALUE
    NO MAXVALUE
    CACHE 1
);


--
-- Name: django_content_type; Type: TABLE; Schema: public; Owner: postgres
--

CREATE TABLE public.django_content_type (
    id integer NOT NULL,
    app_label character varying(100) NOT NULL,
    model character varying(100) NOT NULL
);


ALTER TABLE public.django_content_type OWNER TO postgres;

--
-- Name: django_content_type_id_seq; Type: SEQUENCE; Schema: public; Owner: postgres
--

ALTER TABLE public.django_content_type ALTER COLUMN id ADD GENERATED BY DEFAULT AS IDENTITY (
    SEQUENCE NAME public.django_content_type_id_seq
    START WITH 1
    INCREMENT BY 1
    NO MINVALUE
    NO MAXVALUE
    CACHE 1
);


--
-- Name: django_migrations; Type: TABLE; Schema: public; Owner: postgres
--

CREATE TABLE public.django_migrations (
    id bigint NOT NULL,
    app character varying(255) NOT NULL,
    name character varying(255) NOT NULL,
    applied timestamp with time zone NOT NULL
);


ALTER TABLE public.django_migrations OWNER TO postgres;

--
-- Name: django_migrations_id_seq; Type: SEQUENCE; Schema: public; Owner: postgres
--

ALTER TABLE public.django_migrations ALTER COLUMN id ADD GENERATED BY DEFAULT AS IDENTITY (
    SEQUENCE NAME public.django_migrations_id_seq
    START WITH 1
    INCREMENT BY 1
    NO MINVALUE
    NO MAXVALUE
    CACHE 1
);


--
-- Name: django_session; Type: TABLE; Schema: public; Owner: postgres
--

CREATE TABLE public.django_session (
    session_key character varying(40) NOT NULL,
    session_data text NOT NULL,
    expire_date timestamp with time zone NOT NULL
);


ALTER TABLE public.django_session OWNER TO postgres;

--
-- Name: integrations_app_integration; Type: TABLE; Schema: public; Owner: postgres
--

CREATE TABLE public.integrations_app_integration (
    id_integration uuid NOT NULL,
    name character varying(255) NOT NULL,
    api_key text NOT NULL,
    created_at timestamp with time zone NOT NULL,
    is_active boolean NOT NULL,
    user_id bigint
);


ALTER TABLE public.integrations_app_integration OWNER TO postgres;

--
-- Name: settings_app_automessages; Type: TABLE; Schema: public; Owner: postgres
--

CREATE TABLE public.settings_app_automessages (
    id bigint NOT NULL,
    title character varying(255) NOT NULL,
    url character varying(200) NOT NULL,
    "time" time without time zone NOT NULL,
    text_message text NOT NULL,
    user_id bigint NOT NULL
);


ALTER TABLE public.settings_app_automessages OWNER TO postgres;

--
-- Name: settings_app_automessages_id_seq; Type: SEQUENCE; Schema: public; Owner: postgres
--

ALTER TABLE public.settings_app_automessages ALTER COLUMN id ADD GENERATED BY DEFAULT AS IDENTITY (
    SEQUENCE NAME public.settings_app_automessages_id_seq
    START WITH 1
    INCREMENT BY 1
    NO MINVALUE
    NO MAXVALUE
    CACHE 1
);


--
-- Name: settings_app_widget; Type: TABLE; Schema: public; Owner: postgres
--

CREATE TABLE public.settings_app_widget (
    id bigint NOT NULL,
    widget_code text NOT NULL
);


ALTER TABLE public.settings_app_widget OWNER TO postgres;

--
-- Name: settings_app_widget_id_seq; Type: SEQUENCE; Schema: public; Owner: postgres
--

ALTER TABLE public.settings_app_widget ALTER COLUMN id ADD GENERATED BY DEFAULT AS IDENTITY (
    SEQUENCE NAME public.settings_app_widget_id_seq
    START WITH 1
    INCREMENT BY 1
    NO MINVALUE
    NO MAXVALUE
    CACHE 1
);


--
-- Name: token_blacklist_blacklistedtoken; Type: TABLE; Schema: public; Owner: postgres
--

CREATE TABLE public.token_blacklist_blacklistedtoken (
    id bigint NOT NULL,
    blacklisted_at timestamp with time zone NOT NULL,
    token_id bigint NOT NULL
);


ALTER TABLE public.token_blacklist_blacklistedtoken OWNER TO postgres;

--
-- Name: token_blacklist_blacklistedtoken_id_seq; Type: SEQUENCE; Schema: public; Owner: postgres
--

ALTER TABLE public.token_blacklist_blacklistedtoken ALTER COLUMN id ADD GENERATED BY DEFAULT AS IDENTITY (
    SEQUENCE NAME public.token_blacklist_blacklistedtoken_id_seq
    START WITH 1
    INCREMENT BY 1
    NO MINVALUE
    NO MAXVALUE
    CACHE 1
);


--
-- Name: token_blacklist_outstandingtoken; Type: TABLE; Schema: public; Owner: postgres
--

CREATE TABLE public.token_blacklist_outstandingtoken (
    id bigint NOT NULL,
    token text NOT NULL,
    created_at timestamp with time zone,
    expires_at timestamp with time zone NOT NULL,
    user_id bigint,
    jti character varying(255) NOT NULL
);


ALTER TABLE public.token_blacklist_outstandingtoken OWNER TO postgres;

--
-- Name: token_blacklist_outstandingtoken_id_seq; Type: SEQUENCE; Schema: public; Owner: postgres
--

ALTER TABLE public.token_blacklist_outstandingtoken ALTER COLUMN id ADD GENERATED BY DEFAULT AS IDENTITY (
    SEQUENCE NAME public.token_blacklist_outstandingtoken_id_seq
    START WITH 1
    INCREMENT BY 1
    NO MINVALUE
    NO MAXVALUE
    CACHE 1
);


--
-- Name: user_app_manager; Type: TABLE; Schema: public; Owner: postgres
--

CREATE TABLE public.user_app_manager (
    id bigint NOT NULL,
    email character varying(254) NOT NULL,
    is_active boolean NOT NULL,
    user_id bigint NOT NULL
);


ALTER TABLE public.user_app_manager OWNER TO postgres;

--
-- Name: user_app_manager_id_seq; Type: SEQUENCE; Schema: public; Owner: postgres
--

ALTER TABLE public.user_app_manager ALTER COLUMN id ADD GENERATED BY DEFAULT AS IDENTITY (
    SEQUENCE NAME public.user_app_manager_id_seq
    START WITH 1
    INCREMENT BY 1
    NO MINVALUE
    NO MAXVALUE
    CACHE 1
);


--
-- Name: user_app_user; Type: TABLE; Schema: public; Owner: postgres
--

CREATE TABLE public.user_app_user (
    id bigint NOT NULL,
    password character varying(128) NOT NULL,
    last_login timestamp with time zone,
    is_superuser boolean NOT NULL,
    first_name character varying(255),
    last_name character varying(255),
    family_name character varying(255),
    email character varying(254) NOT NULL,
    is_staff boolean NOT NULL,
    created_at timestamp with time zone NOT NULL,
    phone_number character varying(20),
    name_company character varying(255),
    website_link character varying(200)
);


ALTER TABLE public.user_app_user OWNER TO postgres;

--
-- Name: user_app_user_groups; Type: TABLE; Schema: public; Owner: postgres
--

CREATE TABLE public.user_app_user_groups (
    id bigint NOT NULL,
    user_id bigint NOT NULL,
    group_id integer NOT NULL
);


ALTER TABLE public.user_app_user_groups OWNER TO postgres;

--
-- Name: user_app_user_groups_id_seq; Type: SEQUENCE; Schema: public; Owner: postgres
--

ALTER TABLE public.user_app_user_groups ALTER COLUMN id ADD GENERATED BY DEFAULT AS IDENTITY (
    SEQUENCE NAME public.user_app_user_groups_id_seq
    START WITH 1
    INCREMENT BY 1
    NO MINVALUE
    NO MAXVALUE
    CACHE 1
);


--
-- Name: user_app_user_id_seq; Type: SEQUENCE; Schema: public; Owner: postgres
--

ALTER TABLE public.user_app_user ALTER COLUMN id ADD GENERATED BY DEFAULT AS IDENTITY (
    SEQUENCE NAME public.user_app_user_id_seq
    START WITH 1
    INCREMENT BY 1
    NO MINVALUE
    NO MAXVALUE
    CACHE 1
);


--
-- Name: user_app_user_user_permissions; Type: TABLE; Schema: public; Owner: postgres
--

CREATE TABLE public.user_app_user_user_permissions (
    id bigint NOT NULL,
    user_id bigint NOT NULL,
    permission_id integer NOT NULL
);


ALTER TABLE public.user_app_user_user_permissions OWNER TO postgres;

--
-- Name: user_app_user_user_permissions_id_seq; Type: SEQUENCE; Schema: public; Owner: postgres
--

ALTER TABLE public.user_app_user_user_permissions ALTER COLUMN id ADD GENERATED BY DEFAULT AS IDENTITY (
    SEQUENCE NAME public.user_app_user_user_permissions_id_seq
    START WITH 1
    INCREMENT BY 1
    NO MINVALUE
    NO MAXVALUE
    CACHE 1
);


--
-- Data for Name: auth_group; Type: TABLE DATA; Schema: public; Owner: postgres
--

COPY public.auth_group (id, name) FROM stdin;
\.


--
-- Data for Name: auth_group_permissions; Type: TABLE DATA; Schema: public; Owner: postgres
--

COPY public.auth_group_permissions (id, group_id, permission_id) FROM stdin;
\.


--
-- Data for Name: auth_permission; Type: TABLE DATA; Schema: public; Owner: postgres
--

COPY public.auth_permission (id, name, content_type_id, codename) FROM stdin;
1	Can add log entry	1	add_logentry
2	Can change log entry	1	change_logentry
3	Can delete log entry	1	delete_logentry
4	Can view log entry	1	view_logentry
5	Can add permission	2	add_permission
6	Can change permission	2	change_permission
7	Can delete permission	2	delete_permission
8	Can view permission	2	view_permission
9	Can add group	3	add_group
10	Can change group	3	change_group
11	Can delete group	3	delete_group
12	Can view group	3	view_group
13	Can add content type	4	add_contenttype
14	Can change content type	4	change_contenttype
15	Can delete content type	4	delete_contenttype
16	Can view content type	4	view_contenttype
17	Can add session	5	add_session
18	Can change session	5	change_session
19	Can delete session	5	delete_session
20	Can view session	5	view_session
21	Can add user	6	add_user
22	Can change user	6	change_user
23	Can delete user	6	delete_user
24	Can view user	6	view_user
25	Can add manager	7	add_manager
26	Can change manager	7	change_manager
27	Can delete manager	7	delete_manager
28	Can view manager	7	view_manager
29	Can add chat	8	add_chat
30	Can change chat	8	change_chat
31	Can delete chat	8	delete_chat
32	Can view chat	8	view_chat
33	Can add message	9	add_message
34	Can change message	9	change_message
35	Can delete message	9	delete_message
36	Can view message	9	view_message
37	Can add integration	10	add_integration
38	Can change integration	10	change_integration
39	Can delete integration	10	delete_integration
40	Can view integration	10	view_integration
41	Can add auto messages	11	add_automessages
42	Can change auto messages	11	change_automessages
43	Can delete auto messages	11	delete_automessages
44	Can view auto messages	11	view_automessages
45	Can add widget	12	add_widget
46	Can change widget	12	change_widget
47	Can delete widget	12	delete_widget
48	Can view widget	12	view_widget
49	Can add chat gpt	13	add_chatgpt
50	Can change chat gpt	13	change_chatgpt
51	Can delete chat gpt	13	delete_chatgpt
52	Can view chat gpt	13	view_chatgpt
53	Can add blacklisted token	14	add_blacklistedtoken
54	Can change blacklisted token	14	change_blacklistedtoken
55	Can delete blacklisted token	14	delete_blacklistedtoken
56	Can view blacklisted token	14	view_blacklistedtoken
57	Can add outstanding token	15	add_outstandingtoken
58	Can change outstanding token	15	change_outstandingtoken
59	Can delete outstanding token	15	delete_outstandingtoken
60	Can view outstanding token	15	view_outstandingtoken
\.


--
-- Data for Name: chatGPT_app_chatgpt; Type: TABLE DATA; Schema: public; Owner: postgres
--

COPY public."chatGPT_app_chatgpt" (id, title, text, created_at, instruction_file, user_id, name) FROM stdin;
\.


--
-- Data for Name: chat_app_chat; Type: TABLE DATA; Schema: public; Owner: postgres
--

COPY public.chat_app_chat (id, name, created_at, updated_at, integration_id, manager_id, user_id) FROM stdin;
\.


--
-- Data for Name: chat_app_message; Type: TABLE DATA; Schema: public; Owner: postgres
--

COPY public.chat_app_message (id, nickname, sender_type, messages, created_at, is_read, chat_id) FROM stdin;
\.


--
-- Data for Name: django_admin_log; Type: TABLE DATA; Schema: public; Owner: postgres
--

COPY public.django_admin_log (id, action_time, object_id, object_repr, action_flag, change_message, content_type_id, user_id) FROM stdin;
\.


--
-- Data for Name: django_content_type; Type: TABLE DATA; Schema: public; Owner: postgres
--

COPY public.django_content_type (id, app_label, model) FROM stdin;
1	admin	logentry
2	auth	permission
3	auth	group
4	contenttypes	contenttype
5	sessions	session
6	user_app	user
7	user_app	manager
8	chat_app	chat
9	chat_app	message
10	integrations_app	integration
11	settings_app	automessages
12	settings_app	widget
13	chatGPT_app	chatgpt
14	token_blacklist	blacklistedtoken
15	token_blacklist	outstandingtoken
\.


--
-- Data for Name: django_migrations; Type: TABLE DATA; Schema: public; Owner: postgres
--

COPY public.django_migrations (id, app, name, applied) FROM stdin;
1	contenttypes	0001_initial	2024-12-19 05:18:02.012749+05
2	contenttypes	0002_remove_content_type_name	2024-12-19 05:18:02.018487+05
3	auth	0001_initial	2024-12-19 05:18:02.081527+05
4	auth	0002_alter_permission_name_max_length	2024-12-19 05:18:02.087082+05
5	auth	0003_alter_user_email_max_length	2024-12-19 05:18:02.092569+05
6	auth	0004_alter_user_username_opts	2024-12-19 05:18:02.098002+05
7	auth	0005_alter_user_last_login_null	2024-12-19 05:18:02.104477+05
8	auth	0006_require_contenttypes_0002	2024-12-19 05:18:02.10703+05
9	auth	0007_alter_validators_add_error_messages	2024-12-19 05:18:02.112983+05
10	auth	0008_alter_user_username_max_length	2024-12-19 05:18:02.118134+05
11	auth	0009_alter_user_last_name_max_length	2024-12-19 05:18:02.12432+05
12	auth	0010_alter_group_name_max_length	2024-12-19 05:18:02.130327+05
13	auth	0011_update_proxy_permissions	2024-12-19 05:18:02.135042+05
14	auth	0012_alter_user_first_name_max_length	2024-12-19 05:18:02.140239+05
15	user_app	0001_initial	2024-12-19 05:18:02.235039+05
16	admin	0001_initial	2024-12-19 05:18:02.268696+05
17	admin	0002_logentry_remove_auto_add	2024-12-19 05:18:02.276035+05
18	admin	0003_logentry_add_action_flag_choices	2024-12-19 05:18:02.282975+05
19	chatGPT_app	0001_initial	2024-12-19 05:18:02.296172+05
20	chatGPT_app	0002_initial	2024-12-19 05:18:02.311631+05
21	chatGPT_app	0003_chatgpt_name	2024-12-19 05:18:02.321163+05
22	user_app	0002_alter_manager_user	2024-12-19 05:18:02.34132+05
23	user_app	0003_alter_manager_is_active	2024-12-19 05:18:02.352299+05
24	integrations_app	0001_initial	2024-12-19 05:18:02.365727+05
25	integrations_app	0002_initial	2024-12-19 05:18:02.381965+05
26	integrations_app	0003_alter_integration_name	2024-12-19 05:18:02.38928+05
27	chat_app	0001_initial	2024-12-19 05:18:02.446327+05
28	sessions	0001_initial	2024-12-19 05:18:02.471436+05
29	settings_app	0001_initial	2024-12-19 05:18:02.500209+05
30	settings_app	0002_initial	2024-12-19 05:18:02.517345+05
31	token_blacklist	0001_initial	2024-12-19 05:18:02.566925+05
32	token_blacklist	0002_outstandingtoken_jti_hex	2024-12-19 05:18:02.577112+05
33	token_blacklist	0003_auto_20171017_2007	2024-12-19 05:18:02.590082+05
34	token_blacklist	0004_auto_20171017_2013	2024-12-19 05:18:02.609496+05
35	token_blacklist	0005_remove_outstandingtoken_jti	2024-12-19 05:18:02.619301+05
36	token_blacklist	0006_auto_20171017_2113	2024-12-19 05:18:02.631838+05
37	token_blacklist	0007_auto_20171017_2214	2024-12-19 05:18:02.653682+05
38	token_blacklist	0008_migrate_to_bigautofield	2024-12-19 05:18:02.716868+05
39	token_blacklist	0010_fix_migrate_to_bigautofield	2024-12-19 05:18:02.73622+05
40	token_blacklist	0011_linearizes_history	2024-12-19 05:18:02.739232+05
41	token_blacklist	0012_alter_outstandingtoken_user	2024-12-19 05:18:02.748894+05
\.


--
-- Data for Name: django_session; Type: TABLE DATA; Schema: public; Owner: postgres
--

COPY public.django_session (session_key, session_data, expire_date) FROM stdin;
m2dncgkk2p07qzcahysg86jrgcvwbhpc	.eJxVjMsOwiAURP-FtSHABdq4dO83EO6jUjU0Ke2q8d9tky40mdWcM7OplNelpLXJnEZWV2XV5bfDTC-pB-Bnro9J01SXeUR9KPqkTd8nlvftdP8OSm5lX8fekCVGHwEEwAP2EYIXCpkAzRD2dNZQdC4yCwp0FgFzABNZBqc-X9cnN-M:1tO4co:QaOOpKPHlUHybpYpGzbfb0YZZ8L5mK39V_osnTWf9Co	2025-01-02 05:42:46.753582+05
\.


--
-- Data for Name: integrations_app_integration; Type: TABLE DATA; Schema: public; Owner: postgres
--

COPY public.integrations_app_integration (id_integration, name, api_key, created_at, is_active, user_id) FROM stdin;
\.


--
-- Data for Name: settings_app_automessages; Type: TABLE DATA; Schema: public; Owner: postgres
--

COPY public.settings_app_automessages (id, title, url, "time", text_message, user_id) FROM stdin;
\.


--
-- Data for Name: settings_app_widget; Type: TABLE DATA; Schema: public; Owner: postgres
--

COPY public.settings_app_widget (id, widget_code) FROM stdin;
\.


--
-- Data for Name: token_blacklist_blacklistedtoken; Type: TABLE DATA; Schema: public; Owner: postgres
--

COPY public.token_blacklist_blacklistedtoken (id, blacklisted_at, token_id) FROM stdin;
\.


--
-- Data for Name: token_blacklist_outstandingtoken; Type: TABLE DATA; Schema: public; Owner: postgres
--

COPY public.token_blacklist_outstandingtoken (id, token, created_at, expires_at, user_id, jti) FROM stdin;
\.


--
-- Data for Name: user_app_manager; Type: TABLE DATA; Schema: public; Owner: postgres
--

COPY public.user_app_manager (id, email, is_active, user_id) FROM stdin;
\.


--
-- Data for Name: user_app_user; Type: TABLE DATA; Schema: public; Owner: postgres
--

COPY public.user_app_user (id, password, last_login, is_superuser, first_name, last_name, family_name, email, is_staff, created_at, phone_number, name_company, website_link) FROM stdin;
1	pbkdf2_sha256$870000$7mSfSCeA35Tjb1qdBpwOye$GgKTxdSBd4bOBsi/kV1UWjA4BCfbD41CYFnmAzwaSR8=	2024-12-19 05:42:46.738291+05	t	\N	\N	\N	q@q.ru	t	2024-12-19 05:42:30.555055+05	\N	\N	\N
\.


--
-- Data for Name: user_app_user_groups; Type: TABLE DATA; Schema: public; Owner: postgres
--

COPY public.user_app_user_groups (id, user_id, group_id) FROM stdin;
\.


--
-- Data for Name: user_app_user_user_permissions; Type: TABLE DATA; Schema: public; Owner: postgres
--

COPY public.user_app_user_user_permissions (id, user_id, permission_id) FROM stdin;
\.


--
-- Name: auth_group_id_seq; Type: SEQUENCE SET; Schema: public; Owner: postgres
--

SELECT pg_catalog.setval('public.auth_group_id_seq', 1, false);


--
-- Name: auth_group_permissions_id_seq; Type: SEQUENCE SET; Schema: public; Owner: postgres
--

SELECT pg_catalog.setval('public.auth_group_permissions_id_seq', 1, false);


--
-- Name: auth_permission_id_seq; Type: SEQUENCE SET; Schema: public; Owner: postgres
--

SELECT pg_catalog.setval('public.auth_permission_id_seq', 60, true);


--
-- Name: chatGPT_app_chatgpt_id_seq; Type: SEQUENCE SET; Schema: public; Owner: postgres
--

SELECT pg_catalog.setval('public."chatGPT_app_chatgpt_id_seq"', 1, false);


--
-- Name: chat_app_chat_id_seq; Type: SEQUENCE SET; Schema: public; Owner: postgres
--

SELECT pg_catalog.setval('public.chat_app_chat_id_seq', 1, false);


--
-- Name: chat_app_message_id_seq; Type: SEQUENCE SET; Schema: public; Owner: postgres
--

SELECT pg_catalog.setval('public.chat_app_message_id_seq', 1, false);


--
-- Name: django_admin_log_id_seq; Type: SEQUENCE SET; Schema: public; Owner: postgres
--

SELECT pg_catalog.setval('public.django_admin_log_id_seq', 1, false);


--
-- Name: django_content_type_id_seq; Type: SEQUENCE SET; Schema: public; Owner: postgres
--

SELECT pg_catalog.setval('public.django_content_type_id_seq', 15, true);


--
-- Name: django_migrations_id_seq; Type: SEQUENCE SET; Schema: public; Owner: postgres
--

SELECT pg_catalog.setval('public.django_migrations_id_seq', 41, true);


--
-- Name: settings_app_automessages_id_seq; Type: SEQUENCE SET; Schema: public; Owner: postgres
--

SELECT pg_catalog.setval('public.settings_app_automessages_id_seq', 1, false);


--
-- Name: settings_app_widget_id_seq; Type: SEQUENCE SET; Schema: public; Owner: postgres
--

SELECT pg_catalog.setval('public.settings_app_widget_id_seq', 1, false);


--
-- Name: token_blacklist_blacklistedtoken_id_seq; Type: SEQUENCE SET; Schema: public; Owner: postgres
--

SELECT pg_catalog.setval('public.token_blacklist_blacklistedtoken_id_seq', 1, false);


--
-- Name: token_blacklist_outstandingtoken_id_seq; Type: SEQUENCE SET; Schema: public; Owner: postgres
--

SELECT pg_catalog.setval('public.token_blacklist_outstandingtoken_id_seq', 1, false);


--
-- Name: user_app_manager_id_seq; Type: SEQUENCE SET; Schema: public; Owner: postgres
--

SELECT pg_catalog.setval('public.user_app_manager_id_seq', 1, false);


--
-- Name: user_app_user_groups_id_seq; Type: SEQUENCE SET; Schema: public; Owner: postgres
--

SELECT pg_catalog.setval('public.user_app_user_groups_id_seq', 1, false);


--
-- Name: user_app_user_id_seq; Type: SEQUENCE SET; Schema: public; Owner: postgres
--

SELECT pg_catalog.setval('public.user_app_user_id_seq', 1, true);


--
-- Name: user_app_user_user_permissions_id_seq; Type: SEQUENCE SET; Schema: public; Owner: postgres
--

SELECT pg_catalog.setval('public.user_app_user_user_permissions_id_seq', 1, false);


--
-- Name: auth_group auth_group_name_key; Type: CONSTRAINT; Schema: public; Owner: postgres
--

ALTER TABLE ONLY public.auth_group
    ADD CONSTRAINT auth_group_name_key UNIQUE (name);


--
-- Name: auth_group_permissions auth_group_permissions_group_id_permission_id_0cd325b0_uniq; Type: CONSTRAINT; Schema: public; Owner: postgres
--

ALTER TABLE ONLY public.auth_group_permissions
    ADD CONSTRAINT auth_group_permissions_group_id_permission_id_0cd325b0_uniq UNIQUE (group_id, permission_id);


--
-- Name: auth_group_permissions auth_group_permissions_pkey; Type: CONSTRAINT; Schema: public; Owner: postgres
--

ALTER TABLE ONLY public.auth_group_permissions
    ADD CONSTRAINT auth_group_permissions_pkey PRIMARY KEY (id);


--
-- Name: auth_group auth_group_pkey; Type: CONSTRAINT; Schema: public; Owner: postgres
--

ALTER TABLE ONLY public.auth_group
    ADD CONSTRAINT auth_group_pkey PRIMARY KEY (id);


--
-- Name: auth_permission auth_permission_content_type_id_codename_01ab375a_uniq; Type: CONSTRAINT; Schema: public; Owner: postgres
--

ALTER TABLE ONLY public.auth_permission
    ADD CONSTRAINT auth_permission_content_type_id_codename_01ab375a_uniq UNIQUE (content_type_id, codename);


--
-- Name: auth_permission auth_permission_pkey; Type: CONSTRAINT; Schema: public; Owner: postgres
--

ALTER TABLE ONLY public.auth_permission
    ADD CONSTRAINT auth_permission_pkey PRIMARY KEY (id);


--
-- Name: chatGPT_app_chatgpt chatGPT_app_chatgpt_pkey; Type: CONSTRAINT; Schema: public; Owner: postgres
--

ALTER TABLE ONLY public."chatGPT_app_chatgpt"
    ADD CONSTRAINT "chatGPT_app_chatgpt_pkey" PRIMARY KEY (id);


--
-- Name: chat_app_chat chat_app_chat_pkey; Type: CONSTRAINT; Schema: public; Owner: postgres
--

ALTER TABLE ONLY public.chat_app_chat
    ADD CONSTRAINT chat_app_chat_pkey PRIMARY KEY (id);


--
-- Name: chat_app_message chat_app_message_pkey; Type: CONSTRAINT; Schema: public; Owner: postgres
--

ALTER TABLE ONLY public.chat_app_message
    ADD CONSTRAINT chat_app_message_pkey PRIMARY KEY (id);


--
-- Name: django_admin_log django_admin_log_pkey; Type: CONSTRAINT; Schema: public; Owner: postgres
--

ALTER TABLE ONLY public.django_admin_log
    ADD CONSTRAINT django_admin_log_pkey PRIMARY KEY (id);


--
-- Name: django_content_type django_content_type_app_label_model_76bd3d3b_uniq; Type: CONSTRAINT; Schema: public; Owner: postgres
--

ALTER TABLE ONLY public.django_content_type
    ADD CONSTRAINT django_content_type_app_label_model_76bd3d3b_uniq UNIQUE (app_label, model);


--
-- Name: django_content_type django_content_type_pkey; Type: CONSTRAINT; Schema: public; Owner: postgres
--

ALTER TABLE ONLY public.django_content_type
    ADD CONSTRAINT django_content_type_pkey PRIMARY KEY (id);


--
-- Name: django_migrations django_migrations_pkey; Type: CONSTRAINT; Schema: public; Owner: postgres
--

ALTER TABLE ONLY public.django_migrations
    ADD CONSTRAINT django_migrations_pkey PRIMARY KEY (id);


--
-- Name: django_session django_session_pkey; Type: CONSTRAINT; Schema: public; Owner: postgres
--

ALTER TABLE ONLY public.django_session
    ADD CONSTRAINT django_session_pkey PRIMARY KEY (session_key);


--
-- Name: integrations_app_integration integrations_app_integration_pkey; Type: CONSTRAINT; Schema: public; Owner: postgres
--

ALTER TABLE ONLY public.integrations_app_integration
    ADD CONSTRAINT integrations_app_integration_pkey PRIMARY KEY (id_integration);


--
-- Name: settings_app_automessages settings_app_automessages_pkey; Type: CONSTRAINT; Schema: public; Owner: postgres
--

ALTER TABLE ONLY public.settings_app_automessages
    ADD CONSTRAINT settings_app_automessages_pkey PRIMARY KEY (id);


--
-- Name: settings_app_widget settings_app_widget_pkey; Type: CONSTRAINT; Schema: public; Owner: postgres
--

ALTER TABLE ONLY public.settings_app_widget
    ADD CONSTRAINT settings_app_widget_pkey PRIMARY KEY (id);


--
-- Name: token_blacklist_blacklistedtoken token_blacklist_blacklistedtoken_pkey; Type: CONSTRAINT; Schema: public; Owner: postgres
--

ALTER TABLE ONLY public.token_blacklist_blacklistedtoken
    ADD CONSTRAINT token_blacklist_blacklistedtoken_pkey PRIMARY KEY (id);


--
-- Name: token_blacklist_blacklistedtoken token_blacklist_blacklistedtoken_token_id_key; Type: CONSTRAINT; Schema: public; Owner: postgres
--

ALTER TABLE ONLY public.token_blacklist_blacklistedtoken
    ADD CONSTRAINT token_blacklist_blacklistedtoken_token_id_key UNIQUE (token_id);


--
-- Name: token_blacklist_outstandingtoken token_blacklist_outstandingtoken_jti_hex_d9bdf6f7_uniq; Type: CONSTRAINT; Schema: public; Owner: postgres
--

ALTER TABLE ONLY public.token_blacklist_outstandingtoken
    ADD CONSTRAINT token_blacklist_outstandingtoken_jti_hex_d9bdf6f7_uniq UNIQUE (jti);


--
-- Name: token_blacklist_outstandingtoken token_blacklist_outstandingtoken_pkey; Type: CONSTRAINT; Schema: public; Owner: postgres
--

ALTER TABLE ONLY public.token_blacklist_outstandingtoken
    ADD CONSTRAINT token_blacklist_outstandingtoken_pkey PRIMARY KEY (id);


--
-- Name: user_app_manager user_app_manager_email_key; Type: CONSTRAINT; Schema: public; Owner: postgres
--

ALTER TABLE ONLY public.user_app_manager
    ADD CONSTRAINT user_app_manager_email_key UNIQUE (email);


--
-- Name: user_app_manager user_app_manager_pkey; Type: CONSTRAINT; Schema: public; Owner: postgres
--

ALTER TABLE ONLY public.user_app_manager
    ADD CONSTRAINT user_app_manager_pkey PRIMARY KEY (id);


--
-- Name: user_app_user user_app_user_email_key; Type: CONSTRAINT; Schema: public; Owner: postgres
--

ALTER TABLE ONLY public.user_app_user
    ADD CONSTRAINT user_app_user_email_key UNIQUE (email);


--
-- Name: user_app_user_groups user_app_user_groups_pkey; Type: CONSTRAINT; Schema: public; Owner: postgres
--

ALTER TABLE ONLY public.user_app_user_groups
    ADD CONSTRAINT user_app_user_groups_pkey PRIMARY KEY (id);


--
-- Name: user_app_user_groups user_app_user_groups_user_id_group_id_13ac6bde_uniq; Type: CONSTRAINT; Schema: public; Owner: postgres
--

ALTER TABLE ONLY public.user_app_user_groups
    ADD CONSTRAINT user_app_user_groups_user_id_group_id_13ac6bde_uniq UNIQUE (user_id, group_id);


--
-- Name: user_app_user user_app_user_pkey; Type: CONSTRAINT; Schema: public; Owner: postgres
--

ALTER TABLE ONLY public.user_app_user
    ADD CONSTRAINT user_app_user_pkey PRIMARY KEY (id);


--
-- Name: user_app_user_user_permissions user_app_user_user_permi_user_id_permission_id_46c11fb3_uniq; Type: CONSTRAINT; Schema: public; Owner: postgres
--

ALTER TABLE ONLY public.user_app_user_user_permissions
    ADD CONSTRAINT user_app_user_user_permi_user_id_permission_id_46c11fb3_uniq UNIQUE (user_id, permission_id);


--
-- Name: user_app_user_user_permissions user_app_user_user_permissions_pkey; Type: CONSTRAINT; Schema: public; Owner: postgres
--

ALTER TABLE ONLY public.user_app_user_user_permissions
    ADD CONSTRAINT user_app_user_user_permissions_pkey PRIMARY KEY (id);


--
-- Name: auth_group_name_a6ea08ec_like; Type: INDEX; Schema: public; Owner: postgres
--

CREATE INDEX auth_group_name_a6ea08ec_like ON public.auth_group USING btree (name varchar_pattern_ops);


--
-- Name: auth_group_permissions_group_id_b120cbf9; Type: INDEX; Schema: public; Owner: postgres
--

CREATE INDEX auth_group_permissions_group_id_b120cbf9 ON public.auth_group_permissions USING btree (group_id);


--
-- Name: auth_group_permissions_permission_id_84c5c92e; Type: INDEX; Schema: public; Owner: postgres
--

CREATE INDEX auth_group_permissions_permission_id_84c5c92e ON public.auth_group_permissions USING btree (permission_id);


--
-- Name: auth_permission_content_type_id_2f476e4b; Type: INDEX; Schema: public; Owner: postgres
--

CREATE INDEX auth_permission_content_type_id_2f476e4b ON public.auth_permission USING btree (content_type_id);


--
-- Name: chatGPT_app_chatgpt_user_id_83728082; Type: INDEX; Schema: public; Owner: postgres
--

CREATE INDEX "chatGPT_app_chatgpt_user_id_83728082" ON public."chatGPT_app_chatgpt" USING btree (user_id);


--
-- Name: chat_app_chat_integration_id_e6b6d68a; Type: INDEX; Schema: public; Owner: postgres
--

CREATE INDEX chat_app_chat_integration_id_e6b6d68a ON public.chat_app_chat USING btree (integration_id);


--
-- Name: chat_app_chat_manager_id_c3d5e1d6; Type: INDEX; Schema: public; Owner: postgres
--

CREATE INDEX chat_app_chat_manager_id_c3d5e1d6 ON public.chat_app_chat USING btree (manager_id);


--
-- Name: chat_app_chat_user_id_9cd271c3; Type: INDEX; Schema: public; Owner: postgres
--

CREATE INDEX chat_app_chat_user_id_9cd271c3 ON public.chat_app_chat USING btree (user_id);


--
-- Name: chat_app_message_chat_id_a7824698; Type: INDEX; Schema: public; Owner: postgres
--

CREATE INDEX chat_app_message_chat_id_a7824698 ON public.chat_app_message USING btree (chat_id);


--
-- Name: django_admin_log_content_type_id_c4bce8eb; Type: INDEX; Schema: public; Owner: postgres
--

CREATE INDEX django_admin_log_content_type_id_c4bce8eb ON public.django_admin_log USING btree (content_type_id);


--
-- Name: django_admin_log_user_id_c564eba6; Type: INDEX; Schema: public; Owner: postgres
--

CREATE INDEX django_admin_log_user_id_c564eba6 ON public.django_admin_log USING btree (user_id);


--
-- Name: django_session_expire_date_a5c62663; Type: INDEX; Schema: public; Owner: postgres
--

CREATE INDEX django_session_expire_date_a5c62663 ON public.django_session USING btree (expire_date);


--
-- Name: django_session_session_key_c0390e0f_like; Type: INDEX; Schema: public; Owner: postgres
--

CREATE INDEX django_session_session_key_c0390e0f_like ON public.django_session USING btree (session_key varchar_pattern_ops);


--
-- Name: integrations_app_integration_user_id_b95cb913; Type: INDEX; Schema: public; Owner: postgres
--

CREATE INDEX integrations_app_integration_user_id_b95cb913 ON public.integrations_app_integration USING btree (user_id);


--
-- Name: settings_app_automessages_user_id_234e9bb2; Type: INDEX; Schema: public; Owner: postgres
--

CREATE INDEX settings_app_automessages_user_id_234e9bb2 ON public.settings_app_automessages USING btree (user_id);


--
-- Name: token_blacklist_outstandingtoken_jti_hex_d9bdf6f7_like; Type: INDEX; Schema: public; Owner: postgres
--

CREATE INDEX token_blacklist_outstandingtoken_jti_hex_d9bdf6f7_like ON public.token_blacklist_outstandingtoken USING btree (jti varchar_pattern_ops);


--
-- Name: token_blacklist_outstandingtoken_user_id_83bc629a; Type: INDEX; Schema: public; Owner: postgres
--

CREATE INDEX token_blacklist_outstandingtoken_user_id_83bc629a ON public.token_blacklist_outstandingtoken USING btree (user_id);


--
-- Name: user_app_manager_email_ebc8efc8_like; Type: INDEX; Schema: public; Owner: postgres
--

CREATE INDEX user_app_manager_email_ebc8efc8_like ON public.user_app_manager USING btree (email varchar_pattern_ops);


--
-- Name: user_app_manager_user_id_9e4be1dc; Type: INDEX; Schema: public; Owner: postgres
--

CREATE INDEX user_app_manager_user_id_9e4be1dc ON public.user_app_manager USING btree (user_id);


--
-- Name: user_app_user_email_e59b5739_like; Type: INDEX; Schema: public; Owner: postgres
--

CREATE INDEX user_app_user_email_e59b5739_like ON public.user_app_user USING btree (email varchar_pattern_ops);


--
-- Name: user_app_user_groups_group_id_77b237a8; Type: INDEX; Schema: public; Owner: postgres
--

CREATE INDEX user_app_user_groups_group_id_77b237a8 ON public.user_app_user_groups USING btree (group_id);


--
-- Name: user_app_user_groups_user_id_9ac3bba9; Type: INDEX; Schema: public; Owner: postgres
--

CREATE INDEX user_app_user_groups_user_id_9ac3bba9 ON public.user_app_user_groups USING btree (user_id);


--
-- Name: user_app_user_user_permissions_permission_id_66c16b85; Type: INDEX; Schema: public; Owner: postgres
--

CREATE INDEX user_app_user_user_permissions_permission_id_66c16b85 ON public.user_app_user_user_permissions USING btree (permission_id);


--
-- Name: user_app_user_user_permissions_user_id_6099c7a4; Type: INDEX; Schema: public; Owner: postgres
--

CREATE INDEX user_app_user_user_permissions_user_id_6099c7a4 ON public.user_app_user_user_permissions USING btree (user_id);


--
-- Name: auth_group_permissions auth_group_permissio_permission_id_84c5c92e_fk_auth_perm; Type: FK CONSTRAINT; Schema: public; Owner: postgres
--

ALTER TABLE ONLY public.auth_group_permissions
    ADD CONSTRAINT auth_group_permissio_permission_id_84c5c92e_fk_auth_perm FOREIGN KEY (permission_id) REFERENCES public.auth_permission(id) DEFERRABLE INITIALLY DEFERRED;


--
-- Name: auth_group_permissions auth_group_permissions_group_id_b120cbf9_fk_auth_group_id; Type: FK CONSTRAINT; Schema: public; Owner: postgres
--

ALTER TABLE ONLY public.auth_group_permissions
    ADD CONSTRAINT auth_group_permissions_group_id_b120cbf9_fk_auth_group_id FOREIGN KEY (group_id) REFERENCES public.auth_group(id) DEFERRABLE INITIALLY DEFERRED;


--
-- Name: auth_permission auth_permission_content_type_id_2f476e4b_fk_django_co; Type: FK CONSTRAINT; Schema: public; Owner: postgres
--

ALTER TABLE ONLY public.auth_permission
    ADD CONSTRAINT auth_permission_content_type_id_2f476e4b_fk_django_co FOREIGN KEY (content_type_id) REFERENCES public.django_content_type(id) DEFERRABLE INITIALLY DEFERRED;


--
-- Name: chatGPT_app_chatgpt chatGPT_app_chatgpt_user_id_83728082_fk_user_app_user_id; Type: FK CONSTRAINT; Schema: public; Owner: postgres
--

ALTER TABLE ONLY public."chatGPT_app_chatgpt"
    ADD CONSTRAINT "chatGPT_app_chatgpt_user_id_83728082_fk_user_app_user_id" FOREIGN KEY (user_id) REFERENCES public.user_app_user(id) DEFERRABLE INITIALLY DEFERRED;


--
-- Name: chat_app_chat chat_app_chat_integration_id_e6b6d68a_fk_integrati; Type: FK CONSTRAINT; Schema: public; Owner: postgres
--

ALTER TABLE ONLY public.chat_app_chat
    ADD CONSTRAINT chat_app_chat_integration_id_e6b6d68a_fk_integrati FOREIGN KEY (integration_id) REFERENCES public.integrations_app_integration(id_integration) DEFERRABLE INITIALLY DEFERRED;


--
-- Name: chat_app_chat chat_app_chat_manager_id_c3d5e1d6_fk_user_app_manager_id; Type: FK CONSTRAINT; Schema: public; Owner: postgres
--

ALTER TABLE ONLY public.chat_app_chat
    ADD CONSTRAINT chat_app_chat_manager_id_c3d5e1d6_fk_user_app_manager_id FOREIGN KEY (manager_id) REFERENCES public.user_app_manager(id) DEFERRABLE INITIALLY DEFERRED;


--
-- Name: chat_app_chat chat_app_chat_user_id_9cd271c3_fk_user_app_user_id; Type: FK CONSTRAINT; Schema: public; Owner: postgres
--

ALTER TABLE ONLY public.chat_app_chat
    ADD CONSTRAINT chat_app_chat_user_id_9cd271c3_fk_user_app_user_id FOREIGN KEY (user_id) REFERENCES public.user_app_user(id) DEFERRABLE INITIALLY DEFERRED;


--
-- Name: chat_app_message chat_app_message_chat_id_a7824698_fk_chat_app_chat_id; Type: FK CONSTRAINT; Schema: public; Owner: postgres
--

ALTER TABLE ONLY public.chat_app_message
    ADD CONSTRAINT chat_app_message_chat_id_a7824698_fk_chat_app_chat_id FOREIGN KEY (chat_id) REFERENCES public.chat_app_chat(id) DEFERRABLE INITIALLY DEFERRED;


--
-- Name: django_admin_log django_admin_log_content_type_id_c4bce8eb_fk_django_co; Type: FK CONSTRAINT; Schema: public; Owner: postgres
--

ALTER TABLE ONLY public.django_admin_log
    ADD CONSTRAINT django_admin_log_content_type_id_c4bce8eb_fk_django_co FOREIGN KEY (content_type_id) REFERENCES public.django_content_type(id) DEFERRABLE INITIALLY DEFERRED;


--
-- Name: django_admin_log django_admin_log_user_id_c564eba6_fk_user_app_user_id; Type: FK CONSTRAINT; Schema: public; Owner: postgres
--

ALTER TABLE ONLY public.django_admin_log
    ADD CONSTRAINT django_admin_log_user_id_c564eba6_fk_user_app_user_id FOREIGN KEY (user_id) REFERENCES public.user_app_user(id) DEFERRABLE INITIALLY DEFERRED;


--
-- Name: integrations_app_integration integrations_app_int_user_id_b95cb913_fk_user_app_; Type: FK CONSTRAINT; Schema: public; Owner: postgres
--

ALTER TABLE ONLY public.integrations_app_integration
    ADD CONSTRAINT integrations_app_int_user_id_b95cb913_fk_user_app_ FOREIGN KEY (user_id) REFERENCES public.user_app_user(id) DEFERRABLE INITIALLY DEFERRED;


--
-- Name: settings_app_automessages settings_app_automessages_user_id_234e9bb2_fk_user_app_user_id; Type: FK CONSTRAINT; Schema: public; Owner: postgres
--

ALTER TABLE ONLY public.settings_app_automessages
    ADD CONSTRAINT settings_app_automessages_user_id_234e9bb2_fk_user_app_user_id FOREIGN KEY (user_id) REFERENCES public.user_app_user(id) DEFERRABLE INITIALLY DEFERRED;


--
-- Name: token_blacklist_blacklistedtoken token_blacklist_blacklistedtoken_token_id_3cc7fe56_fk; Type: FK CONSTRAINT; Schema: public; Owner: postgres
--

ALTER TABLE ONLY public.token_blacklist_blacklistedtoken
    ADD CONSTRAINT token_blacklist_blacklistedtoken_token_id_3cc7fe56_fk FOREIGN KEY (token_id) REFERENCES public.token_blacklist_outstandingtoken(id) DEFERRABLE INITIALLY DEFERRED;


--
-- Name: token_blacklist_outstandingtoken token_blacklist_outs_user_id_83bc629a_fk_user_app_; Type: FK CONSTRAINT; Schema: public; Owner: postgres
--

ALTER TABLE ONLY public.token_blacklist_outstandingtoken
    ADD CONSTRAINT token_blacklist_outs_user_id_83bc629a_fk_user_app_ FOREIGN KEY (user_id) REFERENCES public.user_app_user(id) DEFERRABLE INITIALLY DEFERRED;


--
-- Name: user_app_manager user_app_manager_user_id_9e4be1dc_fk_user_app_user_id; Type: FK CONSTRAINT; Schema: public; Owner: postgres
--

ALTER TABLE ONLY public.user_app_manager
    ADD CONSTRAINT user_app_manager_user_id_9e4be1dc_fk_user_app_user_id FOREIGN KEY (user_id) REFERENCES public.user_app_user(id) DEFERRABLE INITIALLY DEFERRED;


--
-- Name: user_app_user_groups user_app_user_groups_group_id_77b237a8_fk_auth_group_id; Type: FK CONSTRAINT; Schema: public; Owner: postgres
--

ALTER TABLE ONLY public.user_app_user_groups
    ADD CONSTRAINT user_app_user_groups_group_id_77b237a8_fk_auth_group_id FOREIGN KEY (group_id) REFERENCES public.auth_group(id) DEFERRABLE INITIALLY DEFERRED;


--
-- Name: user_app_user_groups user_app_user_groups_user_id_9ac3bba9_fk_user_app_user_id; Type: FK CONSTRAINT; Schema: public; Owner: postgres
--

ALTER TABLE ONLY public.user_app_user_groups
    ADD CONSTRAINT user_app_user_groups_user_id_9ac3bba9_fk_user_app_user_id FOREIGN KEY (user_id) REFERENCES public.user_app_user(id) DEFERRABLE INITIALLY DEFERRED;


--
-- Name: user_app_user_user_permissions user_app_user_user_p_permission_id_66c16b85_fk_auth_perm; Type: FK CONSTRAINT; Schema: public; Owner: postgres
--

ALTER TABLE ONLY public.user_app_user_user_permissions
    ADD CONSTRAINT user_app_user_user_p_permission_id_66c16b85_fk_auth_perm FOREIGN KEY (permission_id) REFERENCES public.auth_permission(id) DEFERRABLE INITIALLY DEFERRED;


--
-- Name: user_app_user_user_permissions user_app_user_user_p_user_id_6099c7a4_fk_user_app_; Type: FK CONSTRAINT; Schema: public; Owner: postgres
--

ALTER TABLE ONLY public.user_app_user_user_permissions
    ADD CONSTRAINT user_app_user_user_p_user_id_6099c7a4_fk_user_app_ FOREIGN KEY (user_id) REFERENCES public.user_app_user(id) DEFERRABLE INITIALLY DEFERRED;


--
-- PostgreSQL database dump complete
--

