--
-- PostgreSQL database dump
--

-- Dumped from database version 16.6 (Ubuntu 16.6-0ubuntu0.24.04.1)
-- Dumped by pg_dump version 16.6 (Ubuntu 16.6-0ubuntu0.24.04.1)

SET statement_timeout = 0;
SET lock_timeout = 0;
SET idle_in_transaction_session_timeout = 0;
SET client_encoding = 'UTF8';
SET standard_conforming_strings = on;
SELECT pg_catalog.set_config('search_path', '', false);
SET check_function_bodies = false;
SET xmloption = content;
SET client_min_messages = warning;
SET row_security = off;

SET default_tablespace = '';

SET default_table_access_method = heap;

--
-- Name: auth_group; Type: TABLE; Schema: public; Owner: postgres
--

CREATE TABLE public.auth_group (
    id integer NOT NULL,
    name character varying(150) NOT NULL
);


ALTER TABLE public.auth_group OWNER TO postgres;

--
-- Name: auth_group_id_seq; Type: SEQUENCE; Schema: public; Owner: postgres
--

ALTER TABLE public.auth_group ALTER COLUMN id ADD GENERATED BY DEFAULT AS IDENTITY (
    SEQUENCE NAME public.auth_group_id_seq
    START WITH 1
    INCREMENT BY 1
    NO MINVALUE
    NO MAXVALUE
    CACHE 1
);


--
-- Name: auth_group_permissions; Type: TABLE; Schema: public; Owner: postgres
--

CREATE TABLE public.auth_group_permissions (
    id bigint NOT NULL,
    group_id integer NOT NULL,
    permission_id integer NOT NULL
);


ALTER TABLE public.auth_group_permissions OWNER TO postgres;

--
-- Name: auth_group_permissions_id_seq; Type: SEQUENCE; Schema: public; Owner: postgres
--

ALTER TABLE public.auth_group_permissions ALTER COLUMN id ADD GENERATED BY DEFAULT AS IDENTITY (
    SEQUENCE NAME public.auth_group_permissions_id_seq
    START WITH 1
    INCREMENT BY 1
    NO MINVALUE
    NO MAXVALUE
    CACHE 1
);


--
-- Name: auth_permission; Type: TABLE; Schema: public; Owner: postgres
--

CREATE TABLE public.auth_permission (
    id integer NOT NULL,
    name character varying(255) NOT NULL,
    content_type_id integer NOT NULL,
    codename character varying(100) NOT NULL
);


ALTER TABLE public.auth_permission OWNER TO postgres;

--
-- Name: auth_permission_id_seq; Type: SEQUENCE; Schema: public; Owner: postgres
--

ALTER TABLE public.auth_permission ALTER COLUMN id ADD GENERATED BY DEFAULT AS IDENTITY (
    SEQUENCE NAME public.auth_permission_id_seq
    START WITH 1
    INCREMENT BY 1
    NO MINVALUE
    NO MAXVALUE
    CACHE 1
);


--
-- Name: chatGPT_app_chatgpt; Type: TABLE; Schema: public; Owner: postgres
--

CREATE TABLE public."chatGPT_app_chatgpt" (
    id bigint NOT NULL,
    title character varying(255) NOT NULL,
    text text NOT NULL,
    created_at timestamp with time zone NOT NULL,
    instruction_file character varying(100),
    user_id bigint NOT NULL
);


ALTER TABLE public."chatGPT_app_chatgpt" OWNER TO postgres;

--
-- Name: chatGPT_app_chatgpt_id_seq; Type: SEQUENCE; Schema: public; Owner: postgres
--

ALTER TABLE public."chatGPT_app_chatgpt" ALTER COLUMN id ADD GENERATED BY DEFAULT AS IDENTITY (
    SEQUENCE NAME public."chatGPT_app_chatgpt_id_seq"
    START WITH 1
    INCREMENT BY 1
    NO MINVALUE
    NO MAXVALUE
    CACHE 1
);


--
-- Name: chat_app_chat; Type: TABLE; Schema: public; Owner: postgres
--

CREATE TABLE public.chat_app_chat (
    id bigint NOT NULL,
    name character varying(255) NOT NULL,
    created_at timestamp with time zone NOT NULL,
    updated_at timestamp with time zone NOT NULL,
    integration_id uuid,
    manager_id bigint,
    user_id bigint
);


ALTER TABLE public.chat_app_chat OWNER TO postgres;

--
-- Name: chat_app_chat_id_seq; Type: SEQUENCE; Schema: public; Owner: postgres
--

ALTER TABLE public.chat_app_chat ALTER COLUMN id ADD GENERATED BY DEFAULT AS IDENTITY (
    SEQUENCE NAME public.chat_app_chat_id_seq
    START WITH 1
    INCREMENT BY 1
    NO MINVALUE
    NO MAXVALUE
    CACHE 1
);


--
-- Name: chat_app_message; Type: TABLE; Schema: public; Owner: postgres
--

CREATE TABLE public.chat_app_message (
    id bigint NOT NULL,
    content text NOT NULL,
    created_at timestamp with time zone NOT NULL,
    is_read boolean NOT NULL,
    nickname character varying(255),
    chat_id bigint NOT NULL,
    sender_id bigint NOT NULL
);


ALTER TABLE public.chat_app_message OWNER TO postgres;

--
-- Name: chat_app_message_id_seq; Type: SEQUENCE; Schema: public; Owner: postgres
--

ALTER TABLE public.chat_app_message ALTER COLUMN id ADD GENERATED BY DEFAULT AS IDENTITY (
    SEQUENCE NAME public.chat_app_message_id_seq
    START WITH 1
    INCREMENT BY 1
    NO MINVALUE
    NO MAXVALUE
    CACHE 1
);


--
-- Name: chat_app_sender; Type: TABLE; Schema: public; Owner: postgres
--

CREATE TABLE public.chat_app_sender (
    id bigint NOT NULL,
    name character varying(255) NOT NULL,
    sender_type character varying(20) NOT NULL
);


ALTER TABLE public.chat_app_sender OWNER TO postgres;

--
-- Name: chat_app_sender_id_seq; Type: SEQUENCE; Schema: public; Owner: postgres
--

ALTER TABLE public.chat_app_sender ALTER COLUMN id ADD GENERATED BY DEFAULT AS IDENTITY (
    SEQUENCE NAME public.chat_app_sender_id_seq
    START WITH 1
    INCREMENT BY 1
    NO MINVALUE
    NO MAXVALUE
    CACHE 1
);


--
-- Name: django_admin_log; Type: TABLE; Schema: public; Owner: postgres
--

CREATE TABLE public.django_admin_log (
    id integer NOT NULL,
    action_time timestamp with time zone NOT NULL,
    object_id text,
    object_repr character varying(200) NOT NULL,
    action_flag smallint NOT NULL,
    change_message text NOT NULL,
    content_type_id integer,
    user_id bigint NOT NULL,
    CONSTRAINT django_admin_log_action_flag_check CHECK ((action_flag >= 0))
);


ALTER TABLE public.django_admin_log OWNER TO postgres;

--
-- Name: django_admin_log_id_seq; Type: SEQUENCE; Schema: public; Owner: postgres
--

ALTER TABLE public.django_admin_log ALTER COLUMN id ADD GENERATED BY DEFAULT AS IDENTITY (
    SEQUENCE NAME public.django_admin_log_id_seq
    START WITH 1
    INCREMENT BY 1
    NO MINVALUE
    NO MAXVALUE
    CACHE 1
);


--
-- Name: django_content_type; Type: TABLE; Schema: public; Owner: postgres
--

CREATE TABLE public.django_content_type (
    id integer NOT NULL,
    app_label character varying(100) NOT NULL,
    model character varying(100) NOT NULL
);


ALTER TABLE public.django_content_type OWNER TO postgres;

--
-- Name: django_content_type_id_seq; Type: SEQUENCE; Schema: public; Owner: postgres
--

ALTER TABLE public.django_content_type ALTER COLUMN id ADD GENERATED BY DEFAULT AS IDENTITY (
    SEQUENCE NAME public.django_content_type_id_seq
    START WITH 1
    INCREMENT BY 1
    NO MINVALUE
    NO MAXVALUE
    CACHE 1
);


--
-- Name: django_migrations; Type: TABLE; Schema: public; Owner: postgres
--

CREATE TABLE public.django_migrations (
    id bigint NOT NULL,
    app character varying(255) NOT NULL,
    name character varying(255) NOT NULL,
    applied timestamp with time zone NOT NULL
);


ALTER TABLE public.django_migrations OWNER TO postgres;

--
-- Name: django_migrations_id_seq; Type: SEQUENCE; Schema: public; Owner: postgres
--

ALTER TABLE public.django_migrations ALTER COLUMN id ADD GENERATED BY DEFAULT AS IDENTITY (
    SEQUENCE NAME public.django_migrations_id_seq
    START WITH 1
    INCREMENT BY 1
    NO MINVALUE
    NO MAXVALUE
    CACHE 1
);


--
-- Name: django_session; Type: TABLE; Schema: public; Owner: postgres
--

CREATE TABLE public.django_session (
    session_key character varying(40) NOT NULL,
    session_data text NOT NULL,
    expire_date timestamp with time zone NOT NULL
);


ALTER TABLE public.django_session OWNER TO postgres;

--
-- Name: integrations_app_integration; Type: TABLE; Schema: public; Owner: postgres
--

CREATE TABLE public.integrations_app_integration (
    id_integration uuid NOT NULL,
    name character varying(255) NOT NULL,
    api_key text NOT NULL,
    created_at timestamp with time zone NOT NULL,
    is_active boolean NOT NULL,
    user_id bigint
);


ALTER TABLE public.integrations_app_integration OWNER TO postgres;

--
-- Name: settings_app_automessages; Type: TABLE; Schema: public; Owner: postgres
--

CREATE TABLE public.settings_app_automessages (
    id bigint NOT NULL,
    title character varying(255) NOT NULL,
    url character varying(200) NOT NULL,
    "time" time without time zone NOT NULL,
    text_message text NOT NULL,
    user_id bigint NOT NULL
);


ALTER TABLE public.settings_app_automessages OWNER TO postgres;

--
-- Name: settings_app_automessages_id_seq; Type: SEQUENCE; Schema: public; Owner: postgres
--

ALTER TABLE public.settings_app_automessages ALTER COLUMN id ADD GENERATED BY DEFAULT AS IDENTITY (
    SEQUENCE NAME public.settings_app_automessages_id_seq
    START WITH 1
    INCREMENT BY 1
    NO MINVALUE
    NO MAXVALUE
    CACHE 1
);


--
-- Name: settings_app_widget; Type: TABLE; Schema: public; Owner: postgres
--

CREATE TABLE public.settings_app_widget (
    id bigint NOT NULL,
    widget_code text NOT NULL
);


ALTER TABLE public.settings_app_widget OWNER TO postgres;

--
-- Name: settings_app_widget_id_seq; Type: SEQUENCE; Schema: public; Owner: postgres
--

ALTER TABLE public.settings_app_widget ALTER COLUMN id ADD GENERATED BY DEFAULT AS IDENTITY (
    SEQUENCE NAME public.settings_app_widget_id_seq
    START WITH 1
    INCREMENT BY 1
    NO MINVALUE
    NO MAXVALUE
    CACHE 1
);


--
-- Name: token_blacklist_blacklistedtoken; Type: TABLE; Schema: public; Owner: postgres
--

CREATE TABLE public.token_blacklist_blacklistedtoken (
    id bigint NOT NULL,
    blacklisted_at timestamp with time zone NOT NULL,
    token_id bigint NOT NULL
);


ALTER TABLE public.token_blacklist_blacklistedtoken OWNER TO postgres;

--
-- Name: token_blacklist_blacklistedtoken_id_seq; Type: SEQUENCE; Schema: public; Owner: postgres
--

ALTER TABLE public.token_blacklist_blacklistedtoken ALTER COLUMN id ADD GENERATED BY DEFAULT AS IDENTITY (
    SEQUENCE NAME public.token_blacklist_blacklistedtoken_id_seq
    START WITH 1
    INCREMENT BY 1
    NO MINVALUE
    NO MAXVALUE
    CACHE 1
);


--
-- Name: token_blacklist_outstandingtoken; Type: TABLE; Schema: public; Owner: postgres
--

CREATE TABLE public.token_blacklist_outstandingtoken (
    id bigint NOT NULL,
    token text NOT NULL,
    created_at timestamp with time zone,
    expires_at timestamp with time zone NOT NULL,
    user_id bigint,
    jti character varying(255) NOT NULL
);


ALTER TABLE public.token_blacklist_outstandingtoken OWNER TO postgres;

--
-- Name: token_blacklist_outstandingtoken_id_seq; Type: SEQUENCE; Schema: public; Owner: postgres
--

ALTER TABLE public.token_blacklist_outstandingtoken ALTER COLUMN id ADD GENERATED BY DEFAULT AS IDENTITY (
    SEQUENCE NAME public.token_blacklist_outstandingtoken_id_seq
    START WITH 1
    INCREMENT BY 1
    NO MINVALUE
    NO MAXVALUE
    CACHE 1
);


--
-- Name: user_app_manager; Type: TABLE; Schema: public; Owner: postgres
--

CREATE TABLE public.user_app_manager (
    id bigint NOT NULL,
    email character varying(254) NOT NULL,
    is_active boolean NOT NULL,
    user_id bigint NOT NULL
);


ALTER TABLE public.user_app_manager OWNER TO postgres;

--
-- Name: user_app_manager_id_seq; Type: SEQUENCE; Schema: public; Owner: postgres
--

ALTER TABLE public.user_app_manager ALTER COLUMN id ADD GENERATED BY DEFAULT AS IDENTITY (
    SEQUENCE NAME public.user_app_manager_id_seq
    START WITH 1
    INCREMENT BY 1
    NO MINVALUE
    NO MAXVALUE
    CACHE 1
);


--
-- Name: user_app_user; Type: TABLE; Schema: public; Owner: postgres
--

CREATE TABLE public.user_app_user (
    id bigint NOT NULL,
    password character varying(128) NOT NULL,
    last_login timestamp with time zone,
    is_superuser boolean NOT NULL,
    first_name character varying(255),
    last_name character varying(255),
    family_name character varying(255),
    email character varying(254) NOT NULL,
    is_staff boolean NOT NULL,
    created_at timestamp with time zone NOT NULL,
    phone_number character varying(20),
    name_company character varying(255),
    website_link character varying(200)
);


ALTER TABLE public.user_app_user OWNER TO postgres;

--
-- Name: user_app_user_groups; Type: TABLE; Schema: public; Owner: postgres
--

CREATE TABLE public.user_app_user_groups (
    id bigint NOT NULL,
    user_id bigint NOT NULL,
    group_id integer NOT NULL
);


ALTER TABLE public.user_app_user_groups OWNER TO postgres;

--
-- Name: user_app_user_groups_id_seq; Type: SEQUENCE; Schema: public; Owner: postgres
--

ALTER TABLE public.user_app_user_groups ALTER COLUMN id ADD GENERATED BY DEFAULT AS IDENTITY (
    SEQUENCE NAME public.user_app_user_groups_id_seq
    START WITH 1
    INCREMENT BY 1
    NO MINVALUE
    NO MAXVALUE
    CACHE 1
);


--
-- Name: user_app_user_id_seq; Type: SEQUENCE; Schema: public; Owner: postgres
--

ALTER TABLE public.user_app_user ALTER COLUMN id ADD GENERATED BY DEFAULT AS IDENTITY (
    SEQUENCE NAME public.user_app_user_id_seq
    START WITH 1
    INCREMENT BY 1
    NO MINVALUE
    NO MAXVALUE
    CACHE 1
);


--
-- Name: user_app_user_user_permissions; Type: TABLE; Schema: public; Owner: postgres
--

CREATE TABLE public.user_app_user_user_permissions (
    id bigint NOT NULL,
    user_id bigint NOT NULL,
    permission_id integer NOT NULL
);


ALTER TABLE public.user_app_user_user_permissions OWNER TO postgres;

--
-- Name: user_app_user_user_permissions_id_seq; Type: SEQUENCE; Schema: public; Owner: postgres
--

ALTER TABLE public.user_app_user_user_permissions ALTER COLUMN id ADD GENERATED BY DEFAULT AS IDENTITY (
    SEQUENCE NAME public.user_app_user_user_permissions_id_seq
    START WITH 1
    INCREMENT BY 1
    NO MINVALUE
    NO MAXVALUE
    CACHE 1
);


--
-- Data for Name: auth_group; Type: TABLE DATA; Schema: public; Owner: postgres
--

COPY public.auth_group (id, name) FROM stdin;
\.


--
-- Data for Name: auth_group_permissions; Type: TABLE DATA; Schema: public; Owner: postgres
--

COPY public.auth_group_permissions (id, group_id, permission_id) FROM stdin;
\.


--
-- Data for Name: auth_permission; Type: TABLE DATA; Schema: public; Owner: postgres
--

COPY public.auth_permission (id, name, content_type_id, codename) FROM stdin;
1	Can add log entry	1	add_logentry
2	Can change log entry	1	change_logentry
3	Can delete log entry	1	delete_logentry
4	Can view log entry	1	view_logentry
5	Can add permission	2	add_permission
6	Can change permission	2	change_permission
7	Can delete permission	2	delete_permission
8	Can view permission	2	view_permission
9	Can add group	3	add_group
10	Can change group	3	change_group
11	Can delete group	3	delete_group
12	Can view group	3	view_group
13	Can add content type	4	add_contenttype
14	Can change content type	4	change_contenttype
15	Can delete content type	4	delete_contenttype
16	Can view content type	4	view_contenttype
17	Can add session	5	add_session
18	Can change session	5	change_session
19	Can delete session	5	delete_session
20	Can view session	5	view_session
21	Can add user	6	add_user
22	Can change user	6	change_user
23	Can delete user	6	delete_user
24	Can view user	6	view_user
25	Can add manager	7	add_manager
26	Can change manager	7	change_manager
27	Can delete manager	7	delete_manager
28	Can view manager	7	view_manager
29	Can add chat	8	add_chat
30	Can change chat	8	change_chat
31	Can delete chat	8	delete_chat
32	Can view chat	8	view_chat
33	Can add manager chat	9	add_managerchat
34	Can change manager chat	9	change_managerchat
35	Can delete manager chat	9	delete_managerchat
36	Can view manager chat	9	view_managerchat
37	Can add message	10	add_message
38	Can change message	10	change_message
39	Can delete message	10	delete_message
40	Can view message	10	view_message
41	Can add sender	11	add_sender
42	Can change sender	11	change_sender
43	Can delete sender	11	delete_sender
44	Can view sender	11	view_sender
45	Can add user chat	12	add_userchat
46	Can change user chat	12	change_userchat
47	Can delete user chat	12	delete_userchat
48	Can view user chat	12	view_userchat
49	Can add integration	13	add_integration
50	Can change integration	13	change_integration
51	Can delete integration	13	delete_integration
52	Can view integration	13	view_integration
53	Can add auto messages	14	add_automessages
54	Can change auto messages	14	change_automessages
55	Can delete auto messages	14	delete_automessages
56	Can view auto messages	14	view_automessages
57	Can add widget	15	add_widget
58	Can change widget	15	change_widget
59	Can delete widget	15	delete_widget
60	Can view widget	15	view_widget
61	Can add chat gpt	16	add_chatgpt
62	Can change chat gpt	16	change_chatgpt
63	Can delete chat gpt	16	delete_chatgpt
64	Can view chat gpt	16	view_chatgpt
65	Can add blacklisted token	17	add_blacklistedtoken
66	Can change blacklisted token	17	change_blacklistedtoken
67	Can delete blacklisted token	17	delete_blacklistedtoken
68	Can view blacklisted token	17	view_blacklistedtoken
69	Can add outstanding token	18	add_outstandingtoken
70	Can change outstanding token	18	change_outstandingtoken
71	Can delete outstanding token	18	delete_outstandingtoken
72	Can view outstanding token	18	view_outstandingtoken
\.


--
-- Data for Name: chatGPT_app_chatgpt; Type: TABLE DATA; Schema: public; Owner: postgres
--

COPY public."chatGPT_app_chatgpt" (id, title, text, created_at, instruction_file, user_id) FROM stdin;
\.


--
-- Data for Name: chat_app_chat; Type: TABLE DATA; Schema: public; Owner: postgres
--

COPY public.chat_app_chat (id, name, created_at, updated_at, integration_id, manager_id, user_id) FROM stdin;
3	VK	2024-12-16 17:23:47.614614+05	2024-12-16 17:23:47.615203+05	20a2239d-85be-4f8a-a809-afcf853cb7fc	\N	4
4	Telegram	2024-12-16 17:24:48.093673+05	2024-12-16 17:24:48.094692+05	6bb7b21b-3c7e-4288-873d-f3eb4fc17586	\N	4
5	VK	2024-12-16 17:54:39.293802+05	2024-12-16 17:54:39.294667+05	ec79d114-b9f4-4253-b058-e612afe535fe	\N	3
6	Telegram	2024-12-16 17:54:54.363519+05	2024-12-16 17:54:54.364411+05	78b906d4-23a6-457a-8b44-68081350ad43	\N	3
7	Telegram	2024-12-16 17:55:03.386443+05	2024-12-16 17:55:03.387088+05	ba8a8468-81f2-46c2-94a4-8e6e08784f1b	\N	3
\.


--
-- Data for Name: chat_app_message; Type: TABLE DATA; Schema: public; Owner: postgres
--

COPY public.chat_app_message (id, content, created_at, is_read, nickname, chat_id, sender_id) FROM stdin;
\.


--
-- Data for Name: chat_app_sender; Type: TABLE DATA; Schema: public; Owner: postgres
--

COPY public.chat_app_sender (id, name, sender_type) FROM stdin;
\.


--
-- Data for Name: django_admin_log; Type: TABLE DATA; Schema: public; Owner: postgres
--

COPY public.django_admin_log (id, action_time, object_id, object_repr, action_flag, change_message, content_type_id, user_id) FROM stdin;
4	2024-12-16 17:17:28.596498+05	5	ivan@i.ru	1	[{"added": {}}]	6	4
5	2024-12-16 17:17:47.538268+05	1	koshel@inbox.ru	3		6	4
6	2024-12-16 17:19:48.308653+05	6	ddd@n.ru	1	[{"added": {}}]	6	4
7	2024-12-16 17:23:07.926103+05	1	<script> const oneumCSS = document.createElement('link'); oneumCSS.rel = "stylesheet"; oneumCSS.href = "https://chat.oneum.io/eChat.css"; document.head.insertBefore( oneumCSS, document.head.childNodes	1	[{"added": {}}]	15	4
\.


--
-- Data for Name: django_content_type; Type: TABLE DATA; Schema: public; Owner: postgres
--

COPY public.django_content_type (id, app_label, model) FROM stdin;
1	admin	logentry
2	auth	permission
3	auth	group
4	contenttypes	contenttype
5	sessions	session
6	user_app	user
7	user_app	manager
8	chat_app	chat
9	chat_app	managerchat
10	chat_app	message
11	chat_app	sender
12	chat_app	userchat
13	integrations_app	integration
14	settings_app	automessages
15	settings_app	widget
16	chatGPT_app	chatgpt
17	token_blacklist	blacklistedtoken
18	token_blacklist	outstandingtoken
\.


--
-- Data for Name: django_migrations; Type: TABLE DATA; Schema: public; Owner: postgres
--

COPY public.django_migrations (id, app, name, applied) FROM stdin;
1	contenttypes	0001_initial	2024-12-15 00:45:01.213206+05
2	contenttypes	0002_remove_content_type_name	2024-12-15 00:45:01.220442+05
3	auth	0001_initial	2024-12-15 00:45:01.286558+05
4	auth	0002_alter_permission_name_max_length	2024-12-15 00:45:01.293011+05
5	auth	0003_alter_user_email_max_length	2024-12-15 00:45:01.298373+05
6	auth	0004_alter_user_username_opts	2024-12-15 00:45:01.303999+05
7	auth	0005_alter_user_last_login_null	2024-12-15 00:45:01.309097+05
8	auth	0006_require_contenttypes_0002	2024-12-15 00:45:01.312037+05
9	auth	0007_alter_validators_add_error_messages	2024-12-15 00:45:01.318453+05
10	auth	0008_alter_user_username_max_length	2024-12-15 00:45:01.324048+05
11	auth	0009_alter_user_last_name_max_length	2024-12-15 00:45:01.32947+05
12	auth	0010_alter_group_name_max_length	2024-12-15 00:45:01.336326+05
13	auth	0011_update_proxy_permissions	2024-12-15 00:45:01.341472+05
14	auth	0012_alter_user_first_name_max_length	2024-12-15 00:45:01.347015+05
15	user_app	0001_initial	2024-12-15 00:45:01.444669+05
16	admin	0001_initial	2024-12-15 00:45:01.476532+05
17	admin	0002_logentry_remove_auto_add	2024-12-15 00:45:01.484096+05
18	admin	0003_logentry_add_action_flag_choices	2024-12-15 00:45:01.490934+05
19	chatGPT_app	0001_initial	2024-12-15 00:45:01.505229+05
20	chatGPT_app	0002_initial	2024-12-15 00:45:01.523603+05
21	integrations_app	0001_initial	2024-12-15 00:45:01.537739+05
22	chat_app	0001_initial	2024-12-15 00:45:01.576914+05
23	chat_app	0002_initial	2024-12-15 00:45:01.597888+05
24	chat_app	0003_initial	2024-12-15 00:45:01.680364+05
25	integrations_app	0002_initial	2024-12-15 00:45:01.699583+05
26	sessions	0001_initial	2024-12-15 00:45:01.722856+05
27	settings_app	0001_initial	2024-12-15 00:45:01.748238+05
28	settings_app	0002_initial	2024-12-15 00:45:01.76691+05
29	token_blacklist	0001_initial	2024-12-15 00:45:01.818171+05
30	token_blacklist	0002_outstandingtoken_jti_hex	2024-12-15 00:45:01.829162+05
31	token_blacklist	0003_auto_20171017_2007	2024-12-15 00:45:01.841513+05
32	token_blacklist	0004_auto_20171017_2013	2024-12-15 00:45:01.860191+05
33	token_blacklist	0005_remove_outstandingtoken_jti	2024-12-15 00:45:01.870308+05
34	token_blacklist	0006_auto_20171017_2113	2024-12-15 00:45:01.883759+05
35	token_blacklist	0007_auto_20171017_2214	2024-12-15 00:45:01.9082+05
36	token_blacklist	0008_migrate_to_bigautofield	2024-12-15 00:45:01.971789+05
37	token_blacklist	0010_fix_migrate_to_bigautofield	2024-12-15 00:45:01.993926+05
38	token_blacklist	0011_linearizes_history	2024-12-15 00:45:01.997068+05
39	token_blacklist	0012_alter_outstandingtoken_user	2024-12-15 00:45:02.009478+05
40	user_app	0002_alter_manager_user	2024-12-15 00:50:18.61187+05
41	user_app	0003_alter_manager_is_active	2024-12-15 01:58:48.460214+05
42	chat_app	0004_alter_userchat_unique_together_remove_userchat_chat_and_more	2024-12-15 12:21:43.916769+05
43	integrations_app	0003_alter_integration_name	2024-12-15 12:49:51.638904+05
44	chat_app	0005_rename_title_chat_name	2024-12-16 14:10:25.236305+05
\.


--
-- Data for Name: django_session; Type: TABLE DATA; Schema: public; Owner: postgres
--

COPY public.django_session (session_key, session_data, expire_date) FROM stdin;
0kq9y0pal8nm1o823eu9zkz1beb9k5h9	.eJxVjMsOwiAQRf-FtSHlUTp16d5vIDMwSNVAUtqV8d-VpAvN3d1zcl7C475lvzde_RLFWWhx-v0Iw4NLB_GO5VZlqGVbF5JdkQdt8lojPy-H-xfI2HLPakCwaC1qrcLA1nwHyVGkMA6zgsQIs9EQrEFkJDeZmNBZYBrVFMT7A9PGN_g:1tN7ZE:-dYJX3TwFd4XsqUto7wT3DlkxNm6d2cZ_hzsmroWUZY	2024-12-30 14:39:08.054072+05
91jka1nib65wyvvhq6on3cy6cq8vo5a2	.eJxVjEEOwiAQRe_C2hCmBVpcuu8ZyDAMUjWQlHZlvLtt0oVu33v_v4XHbc1-a7z4OYqr6MXllwWkJ5dDxAeWe5VUy7rMQR6JPG2TU438up3t30HGlve1BkuQoAcHo0bEAUfUmDRRIovW8UDWOLLJKLNTAAY2WgXVmY50IvH5AupnOCE:1tNAUq:jaYJqdzBm4n4LCGmN2DqBkXPnPczYKzfseWGY9DRQYs	2024-12-30 17:46:48.719978+05
\.


--
-- Data for Name: integrations_app_integration; Type: TABLE DATA; Schema: public; Owner: postgres
--

COPY public.integrations_app_integration (id_integration, name, api_key, created_at, is_active, user_id) FROM stdin;
afd0c036-2253-4cf6-9a6b-90c687edd334	test	tessssss	2024-12-15 11:30:23.892707+05	t	\N
8161aa8e-22a3-4451-8287-0571cb872f25	test2	tessssss2	2024-12-15 11:33:19.220842+05	t	\N
f05a687c-1c3b-40f4-a500-2eb5b8ae8cac	VK	string	2024-12-15 11:26:57.013052+05	t	\N
20a2239d-85be-4f8a-a809-afcf853cb7fc	VK	string1	2024-12-16 17:23:47.613695+05	t	4
6bb7b21b-3c7e-4288-873d-f3eb4fc17586	Telegram	string11	2024-12-16 17:24:48.092503+05	t	4
ec79d114-b9f4-4253-b058-e612afe535fe	VK	ssssss	2024-12-16 17:54:39.292295+05	t	3
78b906d4-23a6-457a-8b44-68081350ad43	Telegram	fffffff	2024-12-16 17:54:54.362676+05	t	3
ba8a8468-81f2-46c2-94a4-8e6e08784f1b	Telegram	hjkljhgfdfghjkjhgf	2024-12-16 17:55:03.385694+05	t	3
\.


--
-- Data for Name: settings_app_automessages; Type: TABLE DATA; Schema: public; Owner: postgres
--

COPY public.settings_app_automessages (id, title, url, "time", text_message, user_id) FROM stdin;
\.


--
-- Data for Name: settings_app_widget; Type: TABLE DATA; Schema: public; Owner: postgres
--

COPY public.settings_app_widget (id, widget_code) FROM stdin;
1	<script> const oneumCSS = document.createElement('link'); oneumCSS.rel = "stylesheet"; oneumCSS.href = "https://chat.oneum.io/eChat.css"; document.head.insertBefore( oneumCSS, document.head.childNodes[ document.head.childNodes.length - 1 ].nextSibling ); function loadOneumScript(url, callback) { const script = document.createElement("script"); script.type = "text/javascript";\r\n\r\nif (script.readyState) { script.onreadystatechange = function () { if (script.readyState === "loaded" || script.readyState === "complete") { script.onreadystatechange = null; callback(); } }; } else { script.onload = function () { callback(); }; }\r\n\r\nscript.src = url; document.getElementsByTagName("head")[0].appendChild(script); }\r\n\r\nloadOneumScript("https://chat.oneum.io/eChat.js", function () { const chat = new window.eChat({ key: '64510698a87ac286a577d408', });\r\n\r\nchat.initialize(); }); </script>
\.


--
-- Data for Name: token_blacklist_blacklistedtoken; Type: TABLE DATA; Schema: public; Owner: postgres
--

COPY public.token_blacklist_blacklistedtoken (id, blacklisted_at, token_id) FROM stdin;
\.


--
-- Data for Name: token_blacklist_outstandingtoken; Type: TABLE DATA; Schema: public; Owner: postgres
--

COPY public.token_blacklist_outstandingtoken (id, token, created_at, expires_at, user_id, jti) FROM stdin;
\.


--
-- Data for Name: user_app_manager; Type: TABLE DATA; Schema: public; Owner: postgres
--

COPY public.user_app_manager (id, email, is_active, user_id) FROM stdin;
9	user@example1.com	f	4
10	kosheld@inbox.ru	t	4
11	user@example33.com	f	3
\.


--
-- Data for Name: user_app_user; Type: TABLE DATA; Schema: public; Owner: postgres
--

COPY public.user_app_user (id, password, last_login, is_superuser, first_name, last_name, family_name, email, is_staff, created_at, phone_number, name_company, website_link) FROM stdin;
2	pbkdf2_sha256$870000$Td99pyYCnp662tlBX689im$RaJm+UfH8rR8/N0TD/3SHSx4ZVvdONI5zKnjUVukLMk=	2024-12-16 14:39:08.042848+05	t	\N	\N	\N	my@2.ru	t	2024-12-16 14:38:37.938102+05	\N	\N	\N
4	pbkdf2_sha256$870000$Kvh0bRt1bK4Z8s5HQnQUow$XFcJZYD5kXMwKzlZf90618D/i/uTcSb8P2Uk+1dNI/A=	2024-12-16 17:15:21.736752+05	t	\N	\N	\N	re@re.com	t	2024-12-16 17:14:33.368407+05	\N	\N	\N
5	2121	2024-12-16 17:16:01+05	f	Иван	Иванович	Иванов	ivan@i.ru	f	2024-12-16 17:17:28.591008+05	11111111	test	https://pypi.org/project/qrcode/
6	3333	2024-12-16 17:18:02+05	f	Семен	Петрович	Пооор	ddd@n.ru	f	2024-12-16 17:19:48.303683+05	34543234	geredf	https://fastapi.tiangolo.com/ru/#_10
3	pbkdf2_sha256$870000$0fg1rmNEQ07eJsiLDrV0cD$O8zgqmM/Gem5SkrOWqE3oDQuG3aACgvHillT4MoDlHE=	2024-12-16 17:46:48.716339+05	t	\N	\N	\N	Test@t.ru	t	2024-12-16 17:10:32.16301+05	\N	\N	\N
\.


--
-- Data for Name: user_app_user_groups; Type: TABLE DATA; Schema: public; Owner: postgres
--

COPY public.user_app_user_groups (id, user_id, group_id) FROM stdin;
\.


--
-- Data for Name: user_app_user_user_permissions; Type: TABLE DATA; Schema: public; Owner: postgres
--

COPY public.user_app_user_user_permissions (id, user_id, permission_id) FROM stdin;
\.


--
-- Name: auth_group_id_seq; Type: SEQUENCE SET; Schema: public; Owner: postgres
--

SELECT pg_catalog.setval('public.auth_group_id_seq', 1, false);


--
-- Name: auth_group_permissions_id_seq; Type: SEQUENCE SET; Schema: public; Owner: postgres
--

SELECT pg_catalog.setval('public.auth_group_permissions_id_seq', 1, false);


--
-- Name: auth_permission_id_seq; Type: SEQUENCE SET; Schema: public; Owner: postgres
--

SELECT pg_catalog.setval('public.auth_permission_id_seq', 72, true);


--
-- Name: chatGPT_app_chatgpt_id_seq; Type: SEQUENCE SET; Schema: public; Owner: postgres
--

SELECT pg_catalog.setval('public."chatGPT_app_chatgpt_id_seq"', 1, false);


--
-- Name: chat_app_chat_id_seq; Type: SEQUENCE SET; Schema: public; Owner: postgres
--

SELECT pg_catalog.setval('public.chat_app_chat_id_seq', 7, true);


--
-- Name: chat_app_message_id_seq; Type: SEQUENCE SET; Schema: public; Owner: postgres
--

SELECT pg_catalog.setval('public.chat_app_message_id_seq', 1, false);


--
-- Name: chat_app_sender_id_seq; Type: SEQUENCE SET; Schema: public; Owner: postgres
--

SELECT pg_catalog.setval('public.chat_app_sender_id_seq', 1, false);


--
-- Name: django_admin_log_id_seq; Type: SEQUENCE SET; Schema: public; Owner: postgres
--

SELECT pg_catalog.setval('public.django_admin_log_id_seq', 7, true);


--
-- Name: django_content_type_id_seq; Type: SEQUENCE SET; Schema: public; Owner: postgres
--

SELECT pg_catalog.setval('public.django_content_type_id_seq', 18, true);


--
-- Name: django_migrations_id_seq; Type: SEQUENCE SET; Schema: public; Owner: postgres
--

SELECT pg_catalog.setval('public.django_migrations_id_seq', 44, true);


--
-- Name: settings_app_automessages_id_seq; Type: SEQUENCE SET; Schema: public; Owner: postgres
--

SELECT pg_catalog.setval('public.settings_app_automessages_id_seq', 1, false);


--
-- Name: settings_app_widget_id_seq; Type: SEQUENCE SET; Schema: public; Owner: postgres
--

SELECT pg_catalog.setval('public.settings_app_widget_id_seq', 1, true);


--
-- Name: token_blacklist_blacklistedtoken_id_seq; Type: SEQUENCE SET; Schema: public; Owner: postgres
--

SELECT pg_catalog.setval('public.token_blacklist_blacklistedtoken_id_seq', 1, false);


--
-- Name: token_blacklist_outstandingtoken_id_seq; Type: SEQUENCE SET; Schema: public; Owner: postgres
--

SELECT pg_catalog.setval('public.token_blacklist_outstandingtoken_id_seq', 1, false);


--
-- Name: user_app_manager_id_seq; Type: SEQUENCE SET; Schema: public; Owner: postgres
--

SELECT pg_catalog.setval('public.user_app_manager_id_seq', 11, true);


--
-- Name: user_app_user_groups_id_seq; Type: SEQUENCE SET; Schema: public; Owner: postgres
--

SELECT pg_catalog.setval('public.user_app_user_groups_id_seq', 1, false);


--
-- Name: user_app_user_id_seq; Type: SEQUENCE SET; Schema: public; Owner: postgres
--

SELECT pg_catalog.setval('public.user_app_user_id_seq', 6, true);


--
-- Name: user_app_user_user_permissions_id_seq; Type: SEQUENCE SET; Schema: public; Owner: postgres
--

SELECT pg_catalog.setval('public.user_app_user_user_permissions_id_seq', 1, false);


--
-- Name: auth_group auth_group_name_key; Type: CONSTRAINT; Schema: public; Owner: postgres
--

ALTER TABLE ONLY public.auth_group
    ADD CONSTRAINT auth_group_name_key UNIQUE (name);


--
-- Name: auth_group_permissions auth_group_permissions_group_id_permission_id_0cd325b0_uniq; Type: CONSTRAINT; Schema: public; Owner: postgres
--

ALTER TABLE ONLY public.auth_group_permissions
    ADD CONSTRAINT auth_group_permissions_group_id_permission_id_0cd325b0_uniq UNIQUE (group_id, permission_id);


--
-- Name: auth_group_permissions auth_group_permissions_pkey; Type: CONSTRAINT; Schema: public; Owner: postgres
--

ALTER TABLE ONLY public.auth_group_permissions
    ADD CONSTRAINT auth_group_permissions_pkey PRIMARY KEY (id);


--
-- Name: auth_group auth_group_pkey; Type: CONSTRAINT; Schema: public; Owner: postgres
--

ALTER TABLE ONLY public.auth_group
    ADD CONSTRAINT auth_group_pkey PRIMARY KEY (id);


--
-- Name: auth_permission auth_permission_content_type_id_codename_01ab375a_uniq; Type: CONSTRAINT; Schema: public; Owner: postgres
--

ALTER TABLE ONLY public.auth_permission
    ADD CONSTRAINT auth_permission_content_type_id_codename_01ab375a_uniq UNIQUE (content_type_id, codename);


--
-- Name: auth_permission auth_permission_pkey; Type: CONSTRAINT; Schema: public; Owner: postgres
--

ALTER TABLE ONLY public.auth_permission
    ADD CONSTRAINT auth_permission_pkey PRIMARY KEY (id);


--
-- Name: chatGPT_app_chatgpt chatGPT_app_chatgpt_pkey; Type: CONSTRAINT; Schema: public; Owner: postgres
--

ALTER TABLE ONLY public."chatGPT_app_chatgpt"
    ADD CONSTRAINT "chatGPT_app_chatgpt_pkey" PRIMARY KEY (id);


--
-- Name: chat_app_chat chat_app_chat_pkey; Type: CONSTRAINT; Schema: public; Owner: postgres
--

ALTER TABLE ONLY public.chat_app_chat
    ADD CONSTRAINT chat_app_chat_pkey PRIMARY KEY (id);


--
-- Name: chat_app_message chat_app_message_pkey; Type: CONSTRAINT; Schema: public; Owner: postgres
--

ALTER TABLE ONLY public.chat_app_message
    ADD CONSTRAINT chat_app_message_pkey PRIMARY KEY (id);


--
-- Name: chat_app_sender chat_app_sender_pkey; Type: CONSTRAINT; Schema: public; Owner: postgres
--

ALTER TABLE ONLY public.chat_app_sender
    ADD CONSTRAINT chat_app_sender_pkey PRIMARY KEY (id);


--
-- Name: django_admin_log django_admin_log_pkey; Type: CONSTRAINT; Schema: public; Owner: postgres
--

ALTER TABLE ONLY public.django_admin_log
    ADD CONSTRAINT django_admin_log_pkey PRIMARY KEY (id);


--
-- Name: django_content_type django_content_type_app_label_model_76bd3d3b_uniq; Type: CONSTRAINT; Schema: public; Owner: postgres
--

ALTER TABLE ONLY public.django_content_type
    ADD CONSTRAINT django_content_type_app_label_model_76bd3d3b_uniq UNIQUE (app_label, model);


--
-- Name: django_content_type django_content_type_pkey; Type: CONSTRAINT; Schema: public; Owner: postgres
--

ALTER TABLE ONLY public.django_content_type
    ADD CONSTRAINT django_content_type_pkey PRIMARY KEY (id);


--
-- Name: django_migrations django_migrations_pkey; Type: CONSTRAINT; Schema: public; Owner: postgres
--

ALTER TABLE ONLY public.django_migrations
    ADD CONSTRAINT django_migrations_pkey PRIMARY KEY (id);


--
-- Name: django_session django_session_pkey; Type: CONSTRAINT; Schema: public; Owner: postgres
--

ALTER TABLE ONLY public.django_session
    ADD CONSTRAINT django_session_pkey PRIMARY KEY (session_key);


--
-- Name: integrations_app_integration integrations_app_integration_pkey; Type: CONSTRAINT; Schema: public; Owner: postgres
--

ALTER TABLE ONLY public.integrations_app_integration
    ADD CONSTRAINT integrations_app_integration_pkey PRIMARY KEY (id_integration);


--
-- Name: settings_app_automessages settings_app_automessages_pkey; Type: CONSTRAINT; Schema: public; Owner: postgres
--

ALTER TABLE ONLY public.settings_app_automessages
    ADD CONSTRAINT settings_app_automessages_pkey PRIMARY KEY (id);


--
-- Name: settings_app_widget settings_app_widget_pkey; Type: CONSTRAINT; Schema: public; Owner: postgres
--

ALTER TABLE ONLY public.settings_app_widget
    ADD CONSTRAINT settings_app_widget_pkey PRIMARY KEY (id);


--
-- Name: token_blacklist_blacklistedtoken token_blacklist_blacklistedtoken_pkey; Type: CONSTRAINT; Schema: public; Owner: postgres
--

ALTER TABLE ONLY public.token_blacklist_blacklistedtoken
    ADD CONSTRAINT token_blacklist_blacklistedtoken_pkey PRIMARY KEY (id);


--
-- Name: token_blacklist_blacklistedtoken token_blacklist_blacklistedtoken_token_id_key; Type: CONSTRAINT; Schema: public; Owner: postgres
--

ALTER TABLE ONLY public.token_blacklist_blacklistedtoken
    ADD CONSTRAINT token_blacklist_blacklistedtoken_token_id_key UNIQUE (token_id);


--
-- Name: token_blacklist_outstandingtoken token_blacklist_outstandingtoken_jti_hex_d9bdf6f7_uniq; Type: CONSTRAINT; Schema: public; Owner: postgres
--

ALTER TABLE ONLY public.token_blacklist_outstandingtoken
    ADD CONSTRAINT token_blacklist_outstandingtoken_jti_hex_d9bdf6f7_uniq UNIQUE (jti);


--
-- Name: token_blacklist_outstandingtoken token_blacklist_outstandingtoken_pkey; Type: CONSTRAINT; Schema: public; Owner: postgres
--

ALTER TABLE ONLY public.token_blacklist_outstandingtoken
    ADD CONSTRAINT token_blacklist_outstandingtoken_pkey PRIMARY KEY (id);


--
-- Name: user_app_manager user_app_manager_email_key; Type: CONSTRAINT; Schema: public; Owner: postgres
--

ALTER TABLE ONLY public.user_app_manager
    ADD CONSTRAINT user_app_manager_email_key UNIQUE (email);


--
-- Name: user_app_manager user_app_manager_pkey; Type: CONSTRAINT; Schema: public; Owner: postgres
--

ALTER TABLE ONLY public.user_app_manager
    ADD CONSTRAINT user_app_manager_pkey PRIMARY KEY (id);


--
-- Name: user_app_user user_app_user_email_key; Type: CONSTRAINT; Schema: public; Owner: postgres
--

ALTER TABLE ONLY public.user_app_user
    ADD CONSTRAINT user_app_user_email_key UNIQUE (email);


--
-- Name: user_app_user_groups user_app_user_groups_pkey; Type: CONSTRAINT; Schema: public; Owner: postgres
--

ALTER TABLE ONLY public.user_app_user_groups
    ADD CONSTRAINT user_app_user_groups_pkey PRIMARY KEY (id);


--
-- Name: user_app_user_groups user_app_user_groups_user_id_group_id_13ac6bde_uniq; Type: CONSTRAINT; Schema: public; Owner: postgres
--

ALTER TABLE ONLY public.user_app_user_groups
    ADD CONSTRAINT user_app_user_groups_user_id_group_id_13ac6bde_uniq UNIQUE (user_id, group_id);


--
-- Name: user_app_user user_app_user_pkey; Type: CONSTRAINT; Schema: public; Owner: postgres
--

ALTER TABLE ONLY public.user_app_user
    ADD CONSTRAINT user_app_user_pkey PRIMARY KEY (id);


--
-- Name: user_app_user_user_permissions user_app_user_user_permi_user_id_permission_id_46c11fb3_uniq; Type: CONSTRAINT; Schema: public; Owner: postgres
--

ALTER TABLE ONLY public.user_app_user_user_permissions
    ADD CONSTRAINT user_app_user_user_permi_user_id_permission_id_46c11fb3_uniq UNIQUE (user_id, permission_id);


--
-- Name: user_app_user_user_permissions user_app_user_user_permissions_pkey; Type: CONSTRAINT; Schema: public; Owner: postgres
--

ALTER TABLE ONLY public.user_app_user_user_permissions
    ADD CONSTRAINT user_app_user_user_permissions_pkey PRIMARY KEY (id);


--
-- Name: auth_group_name_a6ea08ec_like; Type: INDEX; Schema: public; Owner: postgres
--

CREATE INDEX auth_group_name_a6ea08ec_like ON public.auth_group USING btree (name varchar_pattern_ops);


--
-- Name: auth_group_permissions_group_id_b120cbf9; Type: INDEX; Schema: public; Owner: postgres
--

CREATE INDEX auth_group_permissions_group_id_b120cbf9 ON public.auth_group_permissions USING btree (group_id);


--
-- Name: auth_group_permissions_permission_id_84c5c92e; Type: INDEX; Schema: public; Owner: postgres
--

CREATE INDEX auth_group_permissions_permission_id_84c5c92e ON public.auth_group_permissions USING btree (permission_id);


--
-- Name: auth_permission_content_type_id_2f476e4b; Type: INDEX; Schema: public; Owner: postgres
--

CREATE INDEX auth_permission_content_type_id_2f476e4b ON public.auth_permission USING btree (content_type_id);


--
-- Name: chatGPT_app_chatgpt_user_id_83728082; Type: INDEX; Schema: public; Owner: postgres
--

CREATE INDEX "chatGPT_app_chatgpt_user_id_83728082" ON public."chatGPT_app_chatgpt" USING btree (user_id);


--
-- Name: chat_app_chat_integration_id_e6b6d68a; Type: INDEX; Schema: public; Owner: postgres
--

CREATE INDEX chat_app_chat_integration_id_e6b6d68a ON public.chat_app_chat USING btree (integration_id);


--
-- Name: chat_app_chat_manager_id_c3d5e1d6; Type: INDEX; Schema: public; Owner: postgres
--

CREATE INDEX chat_app_chat_manager_id_c3d5e1d6 ON public.chat_app_chat USING btree (manager_id);


--
-- Name: chat_app_chat_user_id_9cd271c3; Type: INDEX; Schema: public; Owner: postgres
--

CREATE INDEX chat_app_chat_user_id_9cd271c3 ON public.chat_app_chat USING btree (user_id);


--
-- Name: chat_app_message_chat_id_a7824698; Type: INDEX; Schema: public; Owner: postgres
--

CREATE INDEX chat_app_message_chat_id_a7824698 ON public.chat_app_message USING btree (chat_id);


--
-- Name: chat_app_message_sender_id_03c5fae9; Type: INDEX; Schema: public; Owner: postgres
--

CREATE INDEX chat_app_message_sender_id_03c5fae9 ON public.chat_app_message USING btree (sender_id);


--
-- Name: django_admin_log_content_type_id_c4bce8eb; Type: INDEX; Schema: public; Owner: postgres
--

CREATE INDEX django_admin_log_content_type_id_c4bce8eb ON public.django_admin_log USING btree (content_type_id);


--
-- Name: django_admin_log_user_id_c564eba6; Type: INDEX; Schema: public; Owner: postgres
--

CREATE INDEX django_admin_log_user_id_c564eba6 ON public.django_admin_log USING btree (user_id);


--
-- Name: django_session_expire_date_a5c62663; Type: INDEX; Schema: public; Owner: postgres
--

CREATE INDEX django_session_expire_date_a5c62663 ON public.django_session USING btree (expire_date);


--
-- Name: django_session_session_key_c0390e0f_like; Type: INDEX; Schema: public; Owner: postgres
--

CREATE INDEX django_session_session_key_c0390e0f_like ON public.django_session USING btree (session_key varchar_pattern_ops);


--
-- Name: integrations_app_integration_user_id_b95cb913; Type: INDEX; Schema: public; Owner: postgres
--

CREATE INDEX integrations_app_integration_user_id_b95cb913 ON public.integrations_app_integration USING btree (user_id);


--
-- Name: settings_app_automessages_user_id_234e9bb2; Type: INDEX; Schema: public; Owner: postgres
--

CREATE INDEX settings_app_automessages_user_id_234e9bb2 ON public.settings_app_automessages USING btree (user_id);


--
-- Name: token_blacklist_outstandingtoken_jti_hex_d9bdf6f7_like; Type: INDEX; Schema: public; Owner: postgres
--

CREATE INDEX token_blacklist_outstandingtoken_jti_hex_d9bdf6f7_like ON public.token_blacklist_outstandingtoken USING btree (jti varchar_pattern_ops);


--
-- Name: token_blacklist_outstandingtoken_user_id_83bc629a; Type: INDEX; Schema: public; Owner: postgres
--

CREATE INDEX token_blacklist_outstandingtoken_user_id_83bc629a ON public.token_blacklist_outstandingtoken USING btree (user_id);


--
-- Name: user_app_manager_email_ebc8efc8_like; Type: INDEX; Schema: public; Owner: postgres
--

CREATE INDEX user_app_manager_email_ebc8efc8_like ON public.user_app_manager USING btree (email varchar_pattern_ops);


--
-- Name: user_app_manager_user_id_9e4be1dc; Type: INDEX; Schema: public; Owner: postgres
--

CREATE INDEX user_app_manager_user_id_9e4be1dc ON public.user_app_manager USING btree (user_id);


--
-- Name: user_app_user_email_e59b5739_like; Type: INDEX; Schema: public; Owner: postgres
--

CREATE INDEX user_app_user_email_e59b5739_like ON public.user_app_user USING btree (email varchar_pattern_ops);


--
-- Name: user_app_user_groups_group_id_77b237a8; Type: INDEX; Schema: public; Owner: postgres
--

CREATE INDEX user_app_user_groups_group_id_77b237a8 ON public.user_app_user_groups USING btree (group_id);


--
-- Name: user_app_user_groups_user_id_9ac3bba9; Type: INDEX; Schema: public; Owner: postgres
--

CREATE INDEX user_app_user_groups_user_id_9ac3bba9 ON public.user_app_user_groups USING btree (user_id);


--
-- Name: user_app_user_user_permissions_permission_id_66c16b85; Type: INDEX; Schema: public; Owner: postgres
--

CREATE INDEX user_app_user_user_permissions_permission_id_66c16b85 ON public.user_app_user_user_permissions USING btree (permission_id);


--
-- Name: user_app_user_user_permissions_user_id_6099c7a4; Type: INDEX; Schema: public; Owner: postgres
--

CREATE INDEX user_app_user_user_permissions_user_id_6099c7a4 ON public.user_app_user_user_permissions USING btree (user_id);


--
-- Name: auth_group_permissions auth_group_permissio_permission_id_84c5c92e_fk_auth_perm; Type: FK CONSTRAINT; Schema: public; Owner: postgres
--

ALTER TABLE ONLY public.auth_group_permissions
    ADD CONSTRAINT auth_group_permissio_permission_id_84c5c92e_fk_auth_perm FOREIGN KEY (permission_id) REFERENCES public.auth_permission(id) DEFERRABLE INITIALLY DEFERRED;


--
-- Name: auth_group_permissions auth_group_permissions_group_id_b120cbf9_fk_auth_group_id; Type: FK CONSTRAINT; Schema: public; Owner: postgres
--

ALTER TABLE ONLY public.auth_group_permissions
    ADD CONSTRAINT auth_group_permissions_group_id_b120cbf9_fk_auth_group_id FOREIGN KEY (group_id) REFERENCES public.auth_group(id) DEFERRABLE INITIALLY DEFERRED;


--
-- Name: auth_permission auth_permission_content_type_id_2f476e4b_fk_django_co; Type: FK CONSTRAINT; Schema: public; Owner: postgres
--

ALTER TABLE ONLY public.auth_permission
    ADD CONSTRAINT auth_permission_content_type_id_2f476e4b_fk_django_co FOREIGN KEY (content_type_id) REFERENCES public.django_content_type(id) DEFERRABLE INITIALLY DEFERRED;


--
-- Name: chatGPT_app_chatgpt chatGPT_app_chatgpt_user_id_83728082_fk_user_app_user_id; Type: FK CONSTRAINT; Schema: public; Owner: postgres
--

ALTER TABLE ONLY public."chatGPT_app_chatgpt"
    ADD CONSTRAINT "chatGPT_app_chatgpt_user_id_83728082_fk_user_app_user_id" FOREIGN KEY (user_id) REFERENCES public.user_app_user(id) DEFERRABLE INITIALLY DEFERRED;


--
-- Name: chat_app_chat chat_app_chat_integration_id_e6b6d68a_fk_integrati; Type: FK CONSTRAINT; Schema: public; Owner: postgres
--

ALTER TABLE ONLY public.chat_app_chat
    ADD CONSTRAINT chat_app_chat_integration_id_e6b6d68a_fk_integrati FOREIGN KEY (integration_id) REFERENCES public.integrations_app_integration(id_integration) DEFERRABLE INITIALLY DEFERRED;


--
-- Name: chat_app_chat chat_app_chat_manager_id_c3d5e1d6_fk_user_app_manager_id; Type: FK CONSTRAINT; Schema: public; Owner: postgres
--

ALTER TABLE ONLY public.chat_app_chat
    ADD CONSTRAINT chat_app_chat_manager_id_c3d5e1d6_fk_user_app_manager_id FOREIGN KEY (manager_id) REFERENCES public.user_app_manager(id) DEFERRABLE INITIALLY DEFERRED;


--
-- Name: chat_app_chat chat_app_chat_user_id_9cd271c3_fk_user_app_user_id; Type: FK CONSTRAINT; Schema: public; Owner: postgres
--

ALTER TABLE ONLY public.chat_app_chat
    ADD CONSTRAINT chat_app_chat_user_id_9cd271c3_fk_user_app_user_id FOREIGN KEY (user_id) REFERENCES public.user_app_user(id) DEFERRABLE INITIALLY DEFERRED;


--
-- Name: chat_app_message chat_app_message_chat_id_a7824698_fk_chat_app_chat_id; Type: FK CONSTRAINT; Schema: public; Owner: postgres
--

ALTER TABLE ONLY public.chat_app_message
    ADD CONSTRAINT chat_app_message_chat_id_a7824698_fk_chat_app_chat_id FOREIGN KEY (chat_id) REFERENCES public.chat_app_chat(id) DEFERRABLE INITIALLY DEFERRED;


--
-- Name: chat_app_message chat_app_message_sender_id_03c5fae9_fk_chat_app_sender_id; Type: FK CONSTRAINT; Schema: public; Owner: postgres
--

ALTER TABLE ONLY public.chat_app_message
    ADD CONSTRAINT chat_app_message_sender_id_03c5fae9_fk_chat_app_sender_id FOREIGN KEY (sender_id) REFERENCES public.chat_app_sender(id) DEFERRABLE INITIALLY DEFERRED;


--
-- Name: django_admin_log django_admin_log_content_type_id_c4bce8eb_fk_django_co; Type: FK CONSTRAINT; Schema: public; Owner: postgres
--

ALTER TABLE ONLY public.django_admin_log
    ADD CONSTRAINT django_admin_log_content_type_id_c4bce8eb_fk_django_co FOREIGN KEY (content_type_id) REFERENCES public.django_content_type(id) DEFERRABLE INITIALLY DEFERRED;


--
-- Name: django_admin_log django_admin_log_user_id_c564eba6_fk_user_app_user_id; Type: FK CONSTRAINT; Schema: public; Owner: postgres
--

ALTER TABLE ONLY public.django_admin_log
    ADD CONSTRAINT django_admin_log_user_id_c564eba6_fk_user_app_user_id FOREIGN KEY (user_id) REFERENCES public.user_app_user(id) DEFERRABLE INITIALLY DEFERRED;


--
-- Name: integrations_app_integration integrations_app_int_user_id_b95cb913_fk_user_app_; Type: FK CONSTRAINT; Schema: public; Owner: postgres
--

ALTER TABLE ONLY public.integrations_app_integration
    ADD CONSTRAINT integrations_app_int_user_id_b95cb913_fk_user_app_ FOREIGN KEY (user_id) REFERENCES public.user_app_user(id) DEFERRABLE INITIALLY DEFERRED;


--
-- Name: settings_app_automessages settings_app_automessages_user_id_234e9bb2_fk_user_app_user_id; Type: FK CONSTRAINT; Schema: public; Owner: postgres
--

ALTER TABLE ONLY public.settings_app_automessages
    ADD CONSTRAINT settings_app_automessages_user_id_234e9bb2_fk_user_app_user_id FOREIGN KEY (user_id) REFERENCES public.user_app_user(id) DEFERRABLE INITIALLY DEFERRED;


--
-- Name: token_blacklist_blacklistedtoken token_blacklist_blacklistedtoken_token_id_3cc7fe56_fk; Type: FK CONSTRAINT; Schema: public; Owner: postgres
--

ALTER TABLE ONLY public.token_blacklist_blacklistedtoken
    ADD CONSTRAINT token_blacklist_blacklistedtoken_token_id_3cc7fe56_fk FOREIGN KEY (token_id) REFERENCES public.token_blacklist_outstandingtoken(id) DEFERRABLE INITIALLY DEFERRED;


--
-- Name: token_blacklist_outstandingtoken token_blacklist_outs_user_id_83bc629a_fk_user_app_; Type: FK CONSTRAINT; Schema: public; Owner: postgres
--

ALTER TABLE ONLY public.token_blacklist_outstandingtoken
    ADD CONSTRAINT token_blacklist_outs_user_id_83bc629a_fk_user_app_ FOREIGN KEY (user_id) REFERENCES public.user_app_user(id) DEFERRABLE INITIALLY DEFERRED;


--
-- Name: user_app_manager user_app_manager_user_id_9e4be1dc_fk_user_app_user_id; Type: FK CONSTRAINT; Schema: public; Owner: postgres
--

ALTER TABLE ONLY public.user_app_manager
    ADD CONSTRAINT user_app_manager_user_id_9e4be1dc_fk_user_app_user_id FOREIGN KEY (user_id) REFERENCES public.user_app_user(id) DEFERRABLE INITIALLY DEFERRED;


--
-- Name: user_app_user_groups user_app_user_groups_group_id_77b237a8_fk_auth_group_id; Type: FK CONSTRAINT; Schema: public; Owner: postgres
--

ALTER TABLE ONLY public.user_app_user_groups
    ADD CONSTRAINT user_app_user_groups_group_id_77b237a8_fk_auth_group_id FOREIGN KEY (group_id) REFERENCES public.auth_group(id) DEFERRABLE INITIALLY DEFERRED;


--
-- Name: user_app_user_groups user_app_user_groups_user_id_9ac3bba9_fk_user_app_user_id; Type: FK CONSTRAINT; Schema: public; Owner: postgres
--

ALTER TABLE ONLY public.user_app_user_groups
    ADD CONSTRAINT user_app_user_groups_user_id_9ac3bba9_fk_user_app_user_id FOREIGN KEY (user_id) REFERENCES public.user_app_user(id) DEFERRABLE INITIALLY DEFERRED;


--
-- Name: user_app_user_user_permissions user_app_user_user_p_permission_id_66c16b85_fk_auth_perm; Type: FK CONSTRAINT; Schema: public; Owner: postgres
--

ALTER TABLE ONLY public.user_app_user_user_permissions
    ADD CONSTRAINT user_app_user_user_p_permission_id_66c16b85_fk_auth_perm FOREIGN KEY (permission_id) REFERENCES public.auth_permission(id) DEFERRABLE INITIALLY DEFERRED;


--
-- Name: user_app_user_user_permissions user_app_user_user_p_user_id_6099c7a4_fk_user_app_; Type: FK CONSTRAINT; Schema: public; Owner: postgres
--

ALTER TABLE ONLY public.user_app_user_user_permissions
    ADD CONSTRAINT user_app_user_user_p_user_id_6099c7a4_fk_user_app_ FOREIGN KEY (user_id) REFERENCES public.user_app_user(id) DEFERRABLE INITIALLY DEFERRED;


--
-- PostgreSQL database dump complete
--

